2026-09-29T06:20:29.0982711Z Current runner version: '2.337.0'
2026-09-29T06:20:29.0999304Z ##[group]Runner Image Provisioner
2026-09-29T06:20:29.0999925Z Hosted Compute Agent
2026-09-29T06:20:29.1000333Z Version: 20260828.587
2026-09-29T06:20:29.1000767Z Commit: abac92662cab4cc7352de4f9f9d2e2419aad9c29
2026-09-29T06:20:29.1001296Z Build Date: 2026-08-28T16:44:25Z
2026-09-29T06:20:29.1001792Z Worker ID: {d7d8c4f1-2eb7-4da1-bbc7-c316469f9793}
2026-09-29T06:20:29.1002265Z Azure Region: centralus
2026-09-29T06:20:29.1002775Z ##[endgroup]
2026-09-29T06:20:29.1003675Z ##[group]Operating System
2026-09-29T06:20:29.1004114Z Microsoft Windows Server 2022
2026-09-29T06:20:29.1004519Z 10.0.20348
2026-09-29T06:20:29.1004839Z Datacenter
2026-09-29T06:20:29.1005173Z ##[endgroup]
2026-09-29T06:20:29.1005538Z ##[group]Runner Image
2026-09-29T06:20:29.1005921Z Image: windows-2022
2026-09-29T06:20:29.1006280Z Version: 20260920.314.1
2026-09-29T06:20:29.1007333Z Included Software: https://github.com/actions/runner-images/blob/win22/20260920.314/images/windows/Windows2022-Readme.md
2026-09-29T06:20:29.1008384Z Image Release: https://github.com/actions/runner-images/releases/tag/win22%2F20260920.314
2026-09-29T06:20:29.1008990Z ##[endgroup]
2026-09-29T06:20:29.1009735Z ##[group]GITHUB_TOKEN Permissions
2026-09-29T06:20:29.1011685Z Contents: read
2026-09-29T06:20:29.1012061Z Metadata: read
2026-09-29T06:20:29.1012398Z ##[endgroup]
2026-09-29T06:20:29.1013865Z Secret source: Actions
2026-09-29T06:20:29.1014404Z Cache mode: write
2026-09-29T06:20:29.1014958Z Prepare workflow directory
2026-09-29T06:20:29.1262252Z Prepare all required actions
2026-09-29T06:20:29.1297604Z Getting action download info
2026-09-29T06:20:29.4060298Z Download action repository 'actions/checkout@11d5960a326750d5838078e36cf38b85af677262' (SHA:11d5960a326750d5838078e36cf38b85af677262)
2026-09-29T06:20:29.5864597Z Download action repository 'anchore/sbom-action@e22c389904149dbc22b58101806040fa8d37a610' (SHA:e22c389904149dbc22b58101806040fa8d37a610)
2026-09-29T06:20:29.9642634Z Download action repository 'actions/dependency-review-action@2031cfc080254a8a887f58cffee85186f0e49e48' (SHA:2031cfc080254a8a887f58cffee85186f0e49e48)
2026-09-29T06:20:30.6849901Z Complete job name: build-windows (RelWithDebInfo)
2026-09-29T06:20:30.8411873Z ##[group]Run actions/checkout@11d5960a326750d5838078e36cf38b85af677262
2026-09-29T06:20:30.8413350Z with:
2026-09-29T06:20:30.8413842Z   submodules: recursive
2026-09-29T06:20:30.8414445Z   repository: tranquilWorks/cpp-rt-car
2026-09-29T06:20:30.8419853Z   token: ***
2026-09-29T06:20:30.8420332Z   ssh-strict: true
2026-09-29T06:20:30.8420826Z   ssh-user: git
2026-09-29T06:20:30.8421385Z   persist-credentials: true
2026-09-29T06:20:30.8421950Z   clean: true
2026-09-29T06:20:30.8422463Z   sparse-checkout-cone-mode: true
2026-09-29T06:20:30.8423070Z   fetch-depth: 1
2026-09-29T06:20:30.8423572Z   fetch-tags: false
2026-09-29T06:20:30.8424073Z   show-progress: true
2026-09-29T06:20:30.8424568Z   lfs: false
2026-09-29T06:20:30.8425083Z   set-safe-directory: true
2026-09-29T06:20:30.8425666Z   allow-unsafe-pr-checkout: false
2026-09-29T06:20:30.8426543Z ##[endgroup]
2026-09-29T06:20:31.1517279Z Syncing repository: tranquilWorks/cpp-rt-car
2026-09-29T06:20:31.1520547Z ##[group]Getting Git version info
2026-09-29T06:20:31.1521230Z Working directory is 'D:\a\cpp-rt-car\cpp-rt-car'
2026-09-29T06:20:31.2273055Z [command]"C:\Program Files\Git\bin\git.exe" version
2026-09-29T06:20:32.3265505Z git version 2.55.0.windows.5
2026-09-29T06:20:32.3302209Z ##[endgroup]
2026-09-29T06:20:32.3320537Z Temporarily overriding HOME='D:\a\_temp\fb84792a-fac6-46cd-9435-cd8147ceded0' before making global git config changes
2026-09-29T06:20:32.3321254Z Adding repository directory to the temporary git global config as a safe directory
2026-09-29T06:20:32.3330289Z [command]"C:\Program Files\Git\bin\git.exe" config --global --add safe.directory D:\a\cpp-rt-car\cpp-rt-car
2026-09-29T06:20:32.3793056Z Deleting the contents of 'D:\a\cpp-rt-car\cpp-rt-car'
2026-09-29T06:20:32.3797189Z ##[group]Initializing the repository
2026-09-29T06:20:32.3804085Z [command]"C:\Program Files\Git\bin\git.exe" init D:\a\cpp-rt-car\cpp-rt-car
2026-09-29T06:20:32.4454163Z Initialized empty Git repository in D:/a/cpp-rt-car/cpp-rt-car/.git/
2026-09-29T06:20:32.4481363Z [command]"C:\Program Files\Git\bin\git.exe" remote add origin https://github.com/tranquilWorks/cpp-rt-car
2026-09-29T06:20:32.5667448Z ##[endgroup]
2026-09-29T06:20:32.5667949Z ##[group]Disabling automatic garbage collection
2026-09-29T06:20:32.5677424Z [command]"C:\Program Files\Git\bin\git.exe" config --local gc.auto 0
2026-09-29T06:20:32.5862822Z ##[endgroup]
2026-09-29T06:20:32.5863226Z ##[group]Setting up auth
2026-09-29T06:20:32.5874036Z [command]"C:\Program Files\Git\bin\git.exe" config --local --name-only --get-regexp core\.sshCommand
2026-09-29T06:20:32.6060991Z [command]"C:\Program Files\Git\bin\git.exe" submodule foreach --recursive "sh -c \"git config --local --name-only --get-regexp 'core\.sshCommand' && git config --local --unset-all 'core.sshCommand' || :\""
2026-09-29T06:20:34.0731490Z [command]"C:\Program Files\Git\bin\git.exe" config --local --name-only --get-regexp http\.https\:\/\/github\.com\/\.extraheader
2026-09-29T06:20:34.0915792Z [command]"C:\Program Files\Git\bin\git.exe" submodule foreach --recursive "sh -c \"git config --local --name-only --get-regexp 'http\.https\:\/\/github\.com\/\.extraheader' && git config --local --unset-all 'http.https://github.com/.extraheader' || :\""
2026-09-29T06:20:34.4701469Z [command]"C:\Program Files\Git\bin\git.exe" config --local --name-only --get-regexp ^includeIf\.gitdir:
2026-09-29T06:20:34.4889602Z [command]"C:\Program Files\Git\bin\git.exe" submodule foreach --recursive "git config --local --show-origin --name-only --get-regexp remote.origin.url"
2026-09-29T06:20:34.8926883Z [command]"C:\Program Files\Git\bin\git.exe" config --local http.https://github.com/.extraheader "AUTHORIZATION: basic ***"
2026-09-29T06:20:34.9116805Z ##[endgroup]
2026-09-29T06:20:34.9117530Z ##[group]Fetching the repository
2026-09-29T06:20:34.9132163Z [command]"C:\Program Files\Git\bin\git.exe" -c protocol.version=2 fetch --no-tags --prune --no-recurse-submodules --depth=1 origin +7443fe193bcf340bd7c7901836c50e3b9832b8e0:refs/remotes/pull/278/merge
2026-09-29T06:20:38.6066296Z From https://github.com/tranquilWorks/cpp-rt-car
2026-09-29T06:20:38.6071771Z  * [new ref]         7443fe193bcf340bd7c7901836c50e3b9832b8e0 -> pull/278/merge
2026-09-29T06:20:38.6103778Z ##[endgroup]
2026-09-29T06:20:38.6104434Z ##[group]Determining the checkout info
2026-09-29T06:20:38.6105118Z ##[endgroup]
2026-09-29T06:20:38.6115916Z [command]"C:\Program Files\Git\bin\git.exe" sparse-checkout disable
2026-09-29T06:20:38.9117797Z [command]"C:\Program Files\Git\bin\git.exe" config --local --unset-all extensions.worktreeConfig
2026-09-29T06:20:38.9311687Z ##[group]Checking out the ref
2026-09-29T06:20:38.9321355Z [command]"C:\Program Files\Git\bin\git.exe" checkout --progress --force refs/remotes/pull/278/merge
2026-09-29T06:20:39.7826195Z Note: switching to 'refs/remotes/pull/278/merge'.
2026-09-29T06:20:39.7826561Z 
2026-09-29T06:20:39.7826793Z You are in 'detached HEAD' state. You can look around, make experimental
2026-09-29T06:20:39.7827805Z changes and commit them, and you can discard any commits you make in this
2026-09-29T06:20:39.7828570Z state without impacting any branches by switching back to a branch.
2026-09-29T06:20:39.7828928Z 
2026-09-29T06:20:39.7829190Z If you want to create a new branch to retain commits you create, you may
2026-09-29T06:20:39.7829783Z do so (now or later) by using -c with the switch command. Example:
2026-09-29T06:20:39.7830082Z 
2026-09-29T06:20:39.7830187Z   git switch -c <new-branch-name>
2026-09-29T06:20:39.7830453Z 
2026-09-29T06:20:39.7830587Z Or undo this operation with:
2026-09-29T06:20:39.7830739Z 
2026-09-29T06:20:39.7830877Z   git switch -
2026-09-29T06:20:39.7831002Z 
2026-09-29T06:20:39.7831275Z Turn off this advice by setting config variable advice.detachedHead to false
2026-09-29T06:20:39.7832482Z 
2026-09-29T06:20:39.8271744Z HEAD is now at 7443fe1 Merge 439b32e7d942f34253b976e31c54b1988c153ccd into dbbab7a433a01459ed737cbb19d3b1a64a3ea1bf
2026-09-29T06:20:40.2321092Z ##[endgroup]
2026-09-29T06:20:40.2321627Z ##[group]Setting up auth for fetching submodules
2026-09-29T06:20:40.2332452Z [command]"C:\Program Files\Git\bin\git.exe" config --global http.https://github.com/.extraheader "AUTHORIZATION: basic ***"
2026-09-29T06:20:40.2540085Z [command]"C:\Program Files\Git\bin\git.exe" config --global --unset-all url.https://github.com/.insteadOf
2026-09-29T06:20:40.2723428Z [command]"C:\Program Files\Git\bin\git.exe" config --global --add url.https://github.com/.insteadOf git@github.com:
2026-09-29T06:20:40.2901238Z [command]"C:\Program Files\Git\bin\git.exe" config --global --add url.https://github.com/.insteadOf org-321916666@github.com:
2026-09-29T06:20:40.3072894Z ##[endgroup]
2026-09-29T06:20:40.3073228Z ##[group]Fetching submodules
2026-09-29T06:20:40.3079564Z [command]"C:\Program Files\Git\bin\git.exe" submodule sync --recursive
2026-09-29T06:20:41.0756068Z [command]"C:\Program Files\Git\bin\git.exe" -c protocol.version=2 submodule update --init --force --depth=1 --recursive
2026-09-29T06:20:41.5690462Z Submodule 'external/googletest' (https://github.com/google/googletest.git) registered for path 'external/googletest'
2026-09-29T06:20:41.9423489Z Cloning into 'D:/a/cpp-rt-car/cpp-rt-car/external/googletest'...
2026-09-29T06:20:44.7728044Z From https://github.com/google/googletest
2026-09-29T06:20:44.7728529Z  * branch            7e17b15f1547bb8dd9c2fed91043b7af3437387f -> FETCH_HEAD
2026-09-29T06:20:45.5605696Z Submodule path 'external/googletest': checked out '7e17b15f1547bb8dd9c2fed91043b7af3437387f'
2026-09-29T06:20:45.5815119Z [command]"C:\Program Files\Git\bin\git.exe" submodule foreach --recursive "git config --local gc.auto 0"
2026-09-29T06:20:45.9820480Z Entering 'external/googletest'
2026-09-29T06:20:46.0322733Z ##[endgroup]
2026-09-29T06:20:46.0323278Z ##[group]Persisting credentials for submodules
2026-09-29T06:20:46.0336165Z [command]"C:\Program Files\Git\bin\git.exe" submodule foreach --recursive "sh -c \"git config --local --name-only --get-regexp 'url\.https\:\/\/github\.com\/\.insteadOf' && git config --local --unset-all 'url.https://github.com/.insteadOf' || :\""
2026-09-29T06:20:46.3673957Z Entering 'external/googletest'
2026-09-29T06:20:46.4319526Z [command]"C:\Program Files\Git\bin\git.exe" submodule foreach --recursive "sh -c \"git config --local 'http.https://github.com/.extraheader' 'AUTHORIZATION: basic ***' && git config --local --show-origin --name-only --get-regexp remote.origin.url\""
2026-09-29T06:20:46.7653533Z Entering 'external/googletest'
2026-09-29T06:20:46.8215509Z file:D:/a/cpp-rt-car/cpp-rt-car/.git/modules/external/googletest/config	remote.origin.url
2026-09-29T06:20:46.8436361Z [command]"C:\Program Files\Git\bin\git.exe" submodule foreach --recursive "git config --local --add 'url.https://github.com/.insteadOf' 'git@github.com:'"
2026-09-29T06:20:47.5569035Z Entering 'external/googletest'
2026-09-29T06:20:47.5944579Z [command]"C:\Program Files\Git\bin\git.exe" submodule foreach --recursive "git config --local --add 'url.https://github.com/.insteadOf' 'org-321916666@github.com:'"
2026-09-29T06:20:48.1121896Z Entering 'external/googletest'
2026-09-29T06:20:48.1489868Z ##[endgroup]
2026-09-29T06:20:49.2042799Z [command]"C:\Program Files\Git\bin\git.exe" log -1 --format=%H
2026-09-29T06:20:49.4233650Z 7443fe193bcf340bd7c7901836c50e3b9832b8e0
2026-09-29T06:20:49.4554959Z ##[group]Run powershell -ExecutionPolicy Bypass -File tools/rt_harden.ps1
2026-09-29T06:20:49.4555479Z [36;1mpowershell -ExecutionPolicy Bypass -File tools/rt_harden.ps1[0m
2026-09-29T06:20:50.8914373Z shell: C:\Program Files\PowerShell\7\pwsh.EXE -command ". '{0}'"
2026-09-29T06:20:50.8914755Z ##[endgroup]
2026-09-29T06:21:06.1781303Z [rt_harden] Configuring Windows settings
2026-09-29T06:21:07.7523378Z [rt_harden] High performance power profile enforced
2026-09-29T06:21:07.7831328Z [rt_harden] MMCSS Pro Audio class enabled
2026-09-29T06:21:07.8382081Z [rt_harden] timeBeginPeriod(1) called
2026-09-29T06:21:07.8392085Z [rt_harden] Windows real-time hardening complete
2026-09-29T06:21:07.9694906Z ##[group]Run cmake -S . -B build -A x64 -T v143 -DCMAKE_BUILD_TYPE=RelWithDebInfo -DENABLE_TESTS=ON -DRTFW_BUILD_EXPERIMENTAL=ON -DRTFW_BUILD_BENCHMARKS=ON -DSIM_WERROR=ON
2026-09-29T06:21:07.9695800Z [36;1mcmake -S . -B build -A x64 -T v143 -DCMAKE_BUILD_TYPE=RelWithDebInfo -DENABLE_TESTS=ON -DRTFW_BUILD_EXPERIMENTAL=ON -DRTFW_BUILD_BENCHMARKS=ON -DSIM_WERROR=ON[0m
2026-09-29T06:21:07.9720763Z shell: C:\Program Files\PowerShell\7\pwsh.EXE -command ". '{0}'"
2026-09-29T06:21:07.9721097Z ##[endgroup]
2026-09-29T06:21:09.4141884Z -- Building for: Visual Studio 17 2022
2026-09-29T06:21:09.6395694Z -- Selecting Windows SDK version 10.0.26100.0 to target Windows 10.0.20348.
2026-09-29T06:21:28.3380493Z -- The C compiler identification is MSVC 19.44.35229.0
2026-09-29T06:21:30.0841145Z -- The CXX compiler identification is MSVC 19.44.35229.0
2026-09-29T06:21:30.2505993Z -- Detecting C compiler ABI info
2026-09-29T06:21:31.6902718Z -- Detecting C compiler ABI info - done
2026-09-29T06:21:31.7018352Z -- Check for working C compiler: C:/Program Files/Microsoft Visual Studio/2022/Enterprise/VC/Tools/MSVC/14.44.35207/bin/Hostx64/x64/cl.exe - skipped
2026-09-29T06:21:31.7032711Z -- Detecting C compile features
2026-09-29T06:21:31.7078812Z -- Detecting C compile features - done
2026-09-29T06:21:31.7309663Z -- Detecting CXX compiler ABI info
2026-09-29T06:21:32.2572139Z -- Detecting CXX compiler ABI info - done
2026-09-29T06:21:32.2685032Z -- Check for working CXX compiler: C:/Program Files/Microsoft Visual Studio/2022/Enterprise/VC/Tools/MSVC/14.44.35207/bin/Hostx64/x64/cl.exe - skipped
2026-09-29T06:21:32.2687583Z -- Detecting CXX compile features
2026-09-29T06:21:32.2693403Z -- Detecting CXX compile features - done
2026-09-29T06:21:32.3049147Z -- Performing Test CMAKE_HAVE_LIBC_PTHREAD
2026-09-29T06:21:34.6818423Z -- Performing Test CMAKE_HAVE_LIBC_PTHREAD - Failed
2026-09-29T06:21:34.6819076Z -- Looking for pthread_create in pthreads
2026-09-29T06:21:35.2333597Z -- Looking for pthread_create in pthreads - not found
2026-09-29T06:21:35.2334075Z -- Looking for pthread_create in pthread
2026-09-29T06:21:35.6572808Z -- Looking for pthread_create in pthread - not found
2026-09-29T06:21:35.6664040Z -- Found Threads: TRUE
2026-09-29T06:21:38.2595999Z -- Found Python3: C:/hostedtoolcache/windows/Python/3.14.7/x64/python3.exe (found version "3.14.7") found components: Interpreter
2026-09-29T06:21:40.1330766Z -- Configuring done (30.7s)
2026-09-29T06:21:40.4543905Z -- Generating done (0.3s)
2026-09-29T06:21:40.4549498Z -- Build files have been written to: D:/a/cpp-rt-car/cpp-rt-car/build
2026-09-29T06:21:40.5546094Z ##[group]Run cmake --build build --config RelWithDebInfo -- /m
2026-09-29T06:21:40.5546553Z [36;1mcmake --build build --config RelWithDebInfo -- /m[0m
2026-09-29T06:21:40.5570479Z shell: C:\Program Files\PowerShell\7\pwsh.EXE -command ". '{0}'"
2026-09-29T06:21:40.5570847Z ##[endgroup]
2026-09-29T06:21:40.8069452Z MSBuild version 17.14.60+43b635718 for .NET Framework
2026-09-29T06:21:40.8297850Z 
2026-09-29T06:21:41.4765761Z   1>Checking Build System
2026-09-29T06:21:41.7718322Z   Building Custom Rule D:/a/cpp-rt-car/cpp-rt-car/CMakeLists.txt
2026-09-29T06:21:41.8777385Z   platform_init.cpp
2026-09-29T06:21:42.0586044Z   Building Custom Rule D:/a/cpp-rt-car/cpp-rt-car/CMakeLists.txt
2026-09-29T06:21:42.1363854Z   compiled_graph.cpp
2026-09-29T06:21:42.2126270Z   Building Custom Rule D:/a/cpp-rt-car/cpp-rt-car/external/googletest/googlemock/CMakeLists.txt
2026-09-29T06:21:42.2233946Z   Building Custom Rule D:/a/cpp-rt-car/cpp-rt-car/external/googletest/googletest/CMakeLists.txt
2026-09-29T06:21:42.2235061Z   Building Custom Rule D:/a/cpp-rt-car/cpp-rt-car/external/googletest/googlemock/CMakeLists.txt
2026-09-29T06:21:42.9294622Z   gtest-all.cc
2026-09-29T06:21:42.9350178Z   gtest-all.cc
2026-09-29T06:21:42.9409137Z   gtest-all.cc
2026-09-29T06:21:42.9862146Z   Building Custom Rule D:/a/cpp-rt-car/cpp-rt-car/CMakeLists.txt
2026-09-29T06:21:43.0584938Z   cuda_backend.cpp
2026-09-29T06:21:49.1680391Z   cross_rate_data.cpp
2026-09-29T06:21:49.3540211Z   rtfw_cuda_backend.vcxproj -> D:\a\cpp-rt-car\cpp-rt-car\build\RelWithDebInfo\rtfw_cuda_backend.lib
2026-09-29T06:21:49.6478011Z   Building Custom Rule D:/a/cpp-rt-car/cpp-rt-car/CMakeLists.txt
2026-09-29T06:21:49.7068587Z   xdma_backend.cpp
2026-09-29T06:21:50.6022186Z   command_batch.cpp
2026-09-29T06:21:50.7156639Z   rtfw_xdma_backend.vcxproj -> D:\a\cpp-rt-car\cpp-rt-car\build\RelWithDebInfo\rtfw_xdma_backend.lib
2026-09-29T06:21:50.8120054Z   Building Custom Rule D:/a/cpp-rt-car/cpp-rt-car/bench/CMakeLists.txt
2026-09-29T06:21:50.8657214Z   benchmark.cpp
2026-09-29T06:21:50.9462084Z   hal_v2.cpp
2026-09-29T06:21:51.3312547Z   heterogeneous_memory.cpp
2026-09-29T06:21:51.7341082Z   device_manager.cpp
2026-09-29T06:21:53.5187018Z   executor.cpp
2026-09-29T06:21:54.2845897Z   gmock-all.cc
2026-09-29T06:21:54.2994528Z   gmock-all.cc
2026-09-29T06:21:56.5892875Z   extension_registration.cpp
2026-09-29T06:21:57.0756464Z   metrics.cpp
2026-09-29T06:21:58.4587944Z   gmock_main.cc
2026-09-29T06:21:59.5962445Z   Generating Code...
2026-09-29T06:22:00.8475467Z   host_runtime.cpp
2026-09-29T06:22:02.1601945Z   Generating Code...
2026-09-29T06:22:03.5829331Z   Generating Code...
2026-09-29T06:22:08.7479828Z   live_control_actions.cpp
2026-09-29T06:22:09.9833273Z   gtest.vcxproj -> D:\a\cpp-rt-car\cpp-rt-car\build\lib\RelWithDebInfo\gtest.lib
2026-09-29T06:22:10.9097824Z   simcore_platform.vcxproj -> D:\a\cpp-rt-car\cpp-rt-car\build\RelWithDebInfo\simcore_platform.lib
2026-09-29T06:22:11.1122593Z   rtfw_benchmark.vcxproj -> D:\a\cpp-rt-car\cpp-rt-car\build\bench\RelWithDebInfo\rtfw_benchmark.lib
2026-09-29T06:22:11.1588531Z   live_control_mailbox.cpp
2026-09-29T06:22:11.3068291Z   Building Custom Rule D:/a/cpp-rt-car/cpp-rt-car/bench/CMakeLists.txt
2026-09-29T06:22:11.3625981Z   Building Custom Rule D:/a/cpp-rt-car/cpp-rt-car/samples/recipes/CMakeLists.txt
2026-09-29T06:22:11.3745238Z   gmock.vcxproj -> D:\a\cpp-rt-car\cpp-rt-car\build\lib\RelWithDebInfo\gmock.lib
2026-09-29T06:22:11.4441882Z   Building Custom Rule D:/a/cpp-rt-car/cpp-rt-car/bench/CMakeLists.txt
2026-09-29T06:22:11.4652381Z   Building Custom Rule D:/a/cpp-rt-car/cpp-rt-car/bench/CMakeLists.txt
2026-09-29T06:22:11.4748822Z   Building Custom Rule D:/a/cpp-rt-car/cpp-rt-car/external/googletest/googletest/CMakeLists.txt
2026-09-29T06:22:11.5918335Z   Building Custom Rule D:/a/cpp-rt-car/cpp-rt-car/bench/CMakeLists.txt
2026-09-29T06:22:11.6288331Z   bench_aosoa_vs_soa.cpp
2026-09-29T06:22:11.7086890Z   Building Custom Rule D:/a/cpp-rt-car/cpp-rt-car/samples/recipes/CMakeLists.txt
2026-09-29T06:22:11.8482406Z   gmock_main.vcxproj -> D:\a\cpp-rt-car\cpp-rt-car\build\lib\RelWithDebInfo\gmock_main.lib
2026-09-29T06:22:11.9457374Z   cuda_consumer.cpp
2026-09-29T06:22:11.9860503Z   gtest_main.cc
2026-09-29T06:22:12.4052996Z   benchmark_consumer.cpp
2026-09-29T06:22:13.3007999Z   main.cpp
2026-09-29T06:22:13.3944609Z   lifecycle.cpp
2026-09-29T06:22:13.5038417Z   live_control_replay.cpp
2026-09-29T06:22:15.3563015Z   provider.cpp
2026-09-29T06:22:15.3583776Z   provider.cpp
2026-09-29T06:22:15.4184159Z   memory_policy.cpp
2026-09-29T06:22:15.6522596Z   bench_aosoa_vs_soa.vcxproj -> D:\a\cpp-rt-car\cpp-rt-car\build\bench\RelWithDebInfo\bench_aosoa_vs_soa.exe
2026-09-29T06:22:15.8069916Z   gtest_main.vcxproj -> D:\a\cpp-rt-car\cpp-rt-car\build\lib\RelWithDebInfo\gtest_main.lib
2026-09-29T06:22:15.9231927Z   Building Custom Rule D:/a/cpp-rt-car/cpp-rt-car/tests/CMakeLists.txt
2026-09-29T06:22:15.9363069Z   recipe_cuda_boundary.vcxproj -> D:\a\cpp-rt-car\cpp-rt-car\build\samples\recipes\RelWithDebInfo\recipe_cuda_boundary.exe
2026-09-29T06:22:16.0080188Z   Building Custom Rule D:/a/cpp-rt-car/cpp-rt-car/samples/CMakeLists.txt
2026-09-29T06:22:16.2256996Z   async_gpu_stub.cpp
2026-09-29T06:22:16.8368554Z   rtfw_benchmark_consumer.vcxproj -> D:\a\cpp-rt-car\cpp-rt-car\build\bench\RelWithDebInfo\rtfw_benchmark_consumer.exe
2026-09-29T06:22:17.1079160Z   mixed_rate_actions.cpp
2026-09-29T06:22:17.1870115Z   xdma_backend_tests.cpp
2026-09-29T06:22:17.3204504Z   Generating Code...
2026-09-29T06:22:17.4061243Z   Generating Code...
2026-09-29T06:22:18.5187693Z   xdma_consumer.cpp
2026-09-29T06:22:19.1661099Z   sample_async_gpu.vcxproj -> D:\a\cpp-rt-car\cpp-rt-car\build\samples\RelWithDebInfo\sample_async_gpu.exe
2026-09-29T06:22:19.3253438Z   rtfw-bench-template.vcxproj -> D:\a\cpp-rt-car\cpp-rt-car\build\bench\RelWithDebInfo\rtfw-bench-template.exe
2026-09-29T06:22:19.3392477Z   mixed_rate_replay.cpp
2026-09-29T06:22:19.5377900Z   rtfw_benchmark_extension_tests.vcxproj -> D:\a\cpp-rt-car\cpp-rt-car\build\bench\RelWithDebInfo\rtfw_benchmark_extension_tests.exe
2026-09-29T06:22:19.6294194Z   Building Custom Rule D:/a/cpp-rt-car/cpp-rt-car/samples/CMakeLists.txt
2026-09-29T06:22:19.6301876Z   recipe_xdma_boundary.vcxproj -> D:\a\cpp-rt-car\cpp-rt-car\build\samples\recipes\RelWithDebInfo\recipe_xdma_boundary.exe
2026-09-29T06:22:19.6315705Z   Building Custom Rule D:/a/cpp-rt-car/cpp-rt-car/samples/CMakeLists.txt
2026-09-29T06:22:19.7155817Z   particles.cpp
2026-09-29T06:22:19.7281802Z   tyre_belt_kernel.cpp
2026-09-29T06:22:19.8422090Z   Building Custom Rule D:/a/cpp-rt-car/cpp-rt-car/tests/CMakeLists.txt
2026-09-29T06:22:19.8484162Z   Building Custom Rule D:/a/cpp-rt-car/cpp-rt-car/tests/CMakeLists.txt
2026-09-29T06:22:19.9406590Z   rtfw_xdma_backend_tests.vcxproj -> D:\a\cpp-rt-car\cpp-rt-car\build\tests\RelWithDebInfo\rtfw_xdma_backend_tests.exe
2026-09-29T06:22:20.5760390Z   extension_fixture_bad.c
2026-09-29T06:22:20.5827599Z   extension_fixture.c
2026-09-29T06:22:20.6247698Z   Building Custom Rule D:/a/cpp-rt-car/cpp-rt-car/tests/CMakeLists.txt
2026-09-29T06:22:20.6313131Z   Building Custom Rule D:/a/cpp-rt-car/cpp-rt-car/tests/CMakeLists.txt
2026-09-29T06:22:20.7568118Z   sample_plugin_bad.c
2026-09-29T06:22:20.7625715Z   sample_plugin.c
2026-09-29T06:22:20.8274954Z   Building Custom Rule D:/a/cpp-rt-car/cpp-rt-car/CMakeLists.txt
2026-09-29T06:22:20.8279748Z   sample_particles.vcxproj -> D:\a\cpp-rt-car\cpp-rt-car\build\samples\RelWithDebInfo\sample_particles.exe
2026-09-29T06:22:20.8402628Z      Creating library D:/a/cpp-rt-car/cpp-rt-car/build/tests/RelWithDebInfo/extension_fixture.lib and object D:/a/cpp-rt-car/cpp-rt-car/build/tests/RelWithDebInfo/extension_fixture.exp
2026-09-29T06:22:20.8915198Z      Creating library D:/a/cpp-rt-car/cpp-rt-car/build/tests/RelWithDebInfo/extension_fixture_bad.lib and object D:/a/cpp-rt-car/cpp-rt-car/build/tests/RelWithDebInfo/extension_fixture_bad.exp
2026-09-29T06:22:20.9052461Z   trace_dump.cpp
2026-09-29T06:22:20.9267383Z      Creating library D:/a/cpp-rt-car/cpp-rt-car/build/tests/RelWithDebInfo/bad_plugin.lib and object D:/a/cpp-rt-car/cpp-rt-car/build/tests/RelWithDebInfo/bad_plugin.exp
2026-09-29T06:22:21.0167332Z   test_extension_fixture_bad.vcxproj -> D:\a\cpp-rt-car\cpp-rt-car\build\tests\RelWithDebInfo\extension_fixture_bad.dll
2026-09-29T06:22:21.0180260Z   test_extension_fixture.vcxproj -> D:\a\cpp-rt-car\cpp-rt-car\build\tests\RelWithDebInfo\extension_fixture.dll
2026-09-29T06:22:21.0738844Z   sample_tyre_belt.vcxproj -> D:\a\cpp-rt-car\cpp-rt-car\build\samples\RelWithDebInfo\sample_tyre_belt.exe
2026-09-29T06:22:21.1109161Z   test_incompatible_plugin.vcxproj -> D:\a\cpp-rt-car\cpp-rt-car\build\tests\RelWithDebInfo\bad_plugin.dll
2026-09-29T06:22:21.1439580Z      Creating library D:/a/cpp-rt-car/cpp-rt-car/build/tests/RelWithDebInfo/sample_plugin.lib and object D:/a/cpp-rt-car/cpp-rt-car/build/tests/RelWithDebInfo/sample_plugin.exp
2026-09-29T06:22:21.1944789Z   test_sample_plugin.vcxproj -> D:\a\cpp-rt-car\cpp-rt-car\build\tests\RelWithDebInfo\sample_plugin.dll
2026-09-29T06:22:21.3333137Z   mock_device.cpp
2026-09-29T06:22:21.8526759Z   native_platform_preflight.cpp
2026-09-29T06:22:22.7138755Z   trace_dump.vcxproj -> D:\a\cpp-rt-car\cpp-rt-car\build\RelWithDebInfo\trace_dump.exe
2026-09-29T06:22:22.9779568Z   observability_export.cpp
2026-09-29T06:22:24.0869355Z   rate_dispatch.cpp
2026-09-29T06:22:25.3725167Z   rate_telemetry.cpp
2026-09-29T06:22:26.3811069Z   Generating Code...
2026-09-29T06:22:35.6812356Z   Compiling...
2026-09-29T06:22:35.6813067Z   rate_timeline.cpp
2026-09-29T06:22:36.7555522Z   resource_policy.cpp
2026-09-29T06:22:37.8223454Z   runtime_compat.cpp
2026-09-29T06:22:38.7698206Z   runtime_profile.cpp
2026-09-29T06:22:39.7222058Z   sampled_io.cpp
2026-09-29T06:22:40.8493546Z   loopback_backend.cpp
2026-09-29T06:22:41.9370484Z   snapshot_codec.cpp
2026-09-29T06:22:43.0483713Z   telemetry.cpp
2026-09-29T06:22:44.0841384Z   thread_policy.cpp
2026-09-29T06:22:45.2164564Z   watchdog_monitor.cpp
2026-09-29T06:22:46.2898610Z   Generating Code...
2026-09-29T06:22:48.0527700Z   rtfw_runtime.vcxproj -> D:\a\cpp-rt-car\cpp-rt-car\build\RelWithDebInfo\rtfw_runtime.lib
2026-09-29T06:22:48.1495455Z   Building Custom Rule D:/a/cpp-rt-car/cpp-rt-car/samples/recipes/CMakeLists.txt
2026-09-29T06:22:48.1497990Z   Building Custom Rule D:/a/cpp-rt-car/cpp-rt-car/tests/hello_runtime/CMakeLists.txt
2026-09-29T06:22:48.1515725Z   Building Custom Rule D:/a/cpp-rt-car/cpp-rt-car/bench/CMakeLists.txt
2026-09-29T06:22:48.1877147Z   Building Custom Rule D:/a/cpp-rt-car/cpp-rt-car/samples/recipes/CMakeLists.txt
2026-09-29T06:22:48.2215944Z   Building Custom Rule D:/a/cpp-rt-car/cpp-rt-car/samples/CMakeLists.txt
2026-09-29T06:22:48.2217420Z   Building Custom Rule D:/a/cpp-rt-car/cpp-rt-car/samples/recipes/CMakeLists.txt
2026-09-29T06:22:48.2225595Z   Building Custom Rule D:/a/cpp-rt-car/cpp-rt-car/samples/CMakeLists.txt
2026-09-29T06:22:48.2489775Z   Building Custom Rule D:/a/cpp-rt-car/cpp-rt-car/bench/CMakeLists.txt
2026-09-29T06:22:48.2854832Z   Building Custom Rule D:/a/cpp-rt-car/cpp-rt-car/samples/CMakeLists.txt
2026-09-29T06:22:48.2857325Z   Building Custom Rule D:/a/cpp-rt-car/cpp-rt-car/tests/golden_system/CMakeLists.txt
2026-09-29T06:22:48.2876481Z   Building Custom Rule D:/a/cpp-rt-car/cpp-rt-car/CMakeLists.txt
2026-09-29T06:22:48.3128460Z   Building Custom Rule D:/a/cpp-rt-car/cpp-rt-car/bench/CMakeLists.txt
2026-09-29T06:22:48.3468723Z   Building Custom Rule D:/a/cpp-rt-car/cpp-rt-car/CMakeLists.txt
2026-09-29T06:22:48.3505027Z   Building Custom Rule D:/a/cpp-rt-car/cpp-rt-car/samples/CMakeLists.txt
2026-09-29T06:22:48.3663887Z   Building Custom Rule D:/a/cpp-rt-car/cpp-rt-car/samples/CMakeLists.txt
2026-09-29T06:22:48.3756205Z   Building Custom Rule D:/a/cpp-rt-car/cpp-rt-car/CMakeLists.txt
2026-09-29T06:22:48.4072896Z   Building Custom Rule D:/a/cpp-rt-car/cpp-rt-car/samples/CMakeLists.txt
2026-09-29T06:22:48.4127932Z   Building Custom Rule D:/a/cpp-rt-car/cpp-rt-car/samples/CMakeLists.txt
2026-09-29T06:22:48.4365286Z   Building Custom Rule D:/a/cpp-rt-car/cpp-rt-car/tests/CMakeLists.txt
2026-09-29T06:22:48.4481857Z   Building Custom Rule D:/a/cpp-rt-car/cpp-rt-car/tests/CMakeLists.txt
2026-09-29T06:22:48.4651694Z   Building Custom Rule D:/a/cpp-rt-car/cpp-rt-car/samples/CMakeLists.txt
2026-09-29T06:22:48.4706829Z   Building Custom Rule D:/a/cpp-rt-car/cpp-rt-car/tests/CMakeLists.txt
2026-09-29T06:22:48.5022646Z   Building Custom Rule D:/a/cpp-rt-car/cpp-rt-car/CMakeLists.txt
2026-09-29T06:22:48.5108419Z   Building Custom Rule D:/a/cpp-rt-car/cpp-rt-car/samples/CMakeLists.txt
2026-09-29T06:22:48.5268248Z   Building Custom Rule D:/a/cpp-rt-car/cpp-rt-car/samples/CMakeLists.txt
2026-09-29T06:22:48.5322393Z   Building Custom Rule D:/a/cpp-rt-car/cpp-rt-car/tests/CMakeLists.txt
2026-09-29T06:22:48.5724619Z   Building Custom Rule D:/a/cpp-rt-car/cpp-rt-car/tests/host_adapter/CMakeLists.txt
2026-09-29T06:22:48.5820383Z   Building Custom Rule D:/a/cpp-rt-car/cpp-rt-car/samples/CMakeLists.txt
2026-09-29T06:22:48.5990502Z   Building Custom Rule D:/a/cpp-rt-car/cpp-rt-car/tests/CMakeLists.txt
2026-09-29T06:22:48.6318644Z   Building Custom Rule D:/a/cpp-rt-car/cpp-rt-car/tests/backend_authoring/CMakeLists.txt
2026-09-29T06:22:48.6369377Z   Building Custom Rule D:/a/cpp-rt-car/cpp-rt-car/samples/CMakeLists.txt
2026-09-29T06:22:48.6454095Z   Building Custom Rule D:/a/cpp-rt-car/cpp-rt-car/tests/CMakeLists.txt
2026-09-29T06:22:48.6895482Z   Building Custom Rule D:/a/cpp-rt-car/cpp-rt-car/samples/CMakeLists.txt
2026-09-29T06:22:48.6906646Z   Building Custom Rule D:/a/cpp-rt-car/cpp-rt-car/tests/cil_shared_memory/CMakeLists.txt
2026-09-29T06:22:48.7026608Z   Building Custom Rule D:/a/cpp-rt-car/cpp-rt-car/bench/CMakeLists.txt
2026-09-29T06:22:48.7469092Z   Building Custom Rule D:/a/cpp-rt-car/cpp-rt-car/samples/CMakeLists.txt
2026-09-29T06:22:48.7518079Z   Building Custom Rule D:/a/cpp-rt-car/cpp-rt-car/tests/typed_runtime/CMakeLists.txt
2026-09-29T06:22:48.7593113Z   Building Custom Rule D:/a/cpp-rt-car/cpp-rt-car/samples/recipes/CMakeLists.txt
2026-09-29T06:22:48.7987761Z   Building Custom Rule D:/a/cpp-rt-car/cpp-rt-car/samples/CMakeLists.txt
2026-09-29T06:22:48.8206826Z   Building Custom Rule D:/a/cpp-rt-car/cpp-rt-car/samples/recipes/CMakeLists.txt
2026-09-29T06:22:48.8499626Z   Building Custom Rule D:/a/cpp-rt-car/cpp-rt-car/tests/hello_runtime/CMakeLists.txt
2026-09-29T06:22:48.9362924Z   c_abi.cpp
2026-09-29T06:22:49.1198783Z   profile_consumer.cpp
2026-09-29T06:22:49.1199616Z   test_sdk.cpp
2026-09-29T06:22:49.1356784Z   capacity.cpp
2026-09-29T06:22:50.1517099Z   test_cil.cpp
2026-09-29T06:22:50.3296977Z   cpp_consumer.cpp
2026-09-29T06:22:51.5341536Z   runtime_profile_tests.cpp
2026-09-29T06:22:52.2633787Z   recipe_profile.vcxproj -> D:\a\cpp-rt-car\cpp-rt-car\build\samples\recipes\RelWithDebInfo\recipe_profile.exe
2026-09-29T06:22:52.2770861Z   test_typed_sdk.vcxproj -> D:\a\cpp-rt-car\cpp-rt-car\build\tests\typed_runtime\RelWithDebInfo\test_typed_sdk.exe
2026-09-29T06:22:52.2959471Z   hello_capacity_failure.vcxproj -> D:\a\cpp-rt-car\cpp-rt-car\build\tests\hello_runtime\RelWithDebInfo\hello_capacity_failure.exe
2026-09-29T06:22:52.4956830Z   cpu_provider.cpp
2026-09-29T06:22:52.5175392Z      Creating library D:/a/cpp-rt-car/cpp-rt-car/build/RelWithDebInfo/rtfw.lib and object D:/a/cpp-rt-car/cpp-rt-car/build/RelWithDebInfo/rtfw.exp
2026-09-29T06:22:52.5778523Z   main.cpp
2026-09-29T06:22:53.5768180Z   live_control_typed.cpp
2026-09-29T06:22:54.1935694Z   rtfw_shared.vcxproj -> D:\a\cpp-rt-car\cpp-rt-car\build\RelWithDebInfo\rtfw.dll
2026-09-29T06:22:54.4067108Z   main.cpp
2026-09-29T06:22:55.5364841Z   recipe_raw_cpp.vcxproj -> D:\a\cpp-rt-car\cpp-rt-car\build\samples\recipes\RelWithDebInfo\recipe_raw_cpp.exe
2026-09-29T06:22:55.6721489Z   rtfw_runtime_profile_tests.vcxproj -> D:\a\cpp-rt-car\cpp-rt-car\build\tests\RelWithDebInfo\rtfw_runtime_profile_tests.exe
2026-09-29T06:22:55.8921596Z   test_cpu_gpu_fpga_cpu_sample.cpp
2026-09-29T06:22:55.9061156Z   sample_typed_runtime.vcxproj -> D:\a\cpp-rt-car\cpp-rt-car\build\samples\RelWithDebInfo\sample_typed_runtime.exe
2026-09-29T06:22:55.9499732Z   main.cpp
2026-09-29T06:22:56.0984003Z   device_mock.cpp
2026-09-29T06:22:56.1556523Z   rtfw_benchmark_cpu.vcxproj -> D:\a\cpp-rt-car\cpp-rt-car\build\bench\RelWithDebInfo\rtfw_benchmark_cpu.lib
2026-09-29T06:22:56.3253979Z   c_abi.cpp
2026-09-29T06:22:57.4552861Z   mixed_rate_consumer.cpp
2026-09-29T06:22:58.7457114Z   sample_live_control_typed.vcxproj -> D:\a\cpp-rt-car\cpp-rt-car\build\samples\RelWithDebInfo\sample_live_control_typed.exe
2026-09-29T06:22:58.9534292Z   live_control_consumer.cpp
2026-09-29T06:22:59.3772075Z   rtfw_static.vcxproj -> D:\a\cpp-rt-car\cpp-rt-car\build\RelWithDebInfo\rtfw_static.lib
2026-09-29T06:22:59.4128453Z   sample_device_mock.vcxproj -> D:\a\cpp-rt-car\cpp-rt-car\build\samples\RelWithDebInfo\sample_device_mock.exe
2026-09-29T06:22:59.4695424Z   test_cil_shared_memory.vcxproj -> D:\a\cpp-rt-car\cpp-rt-car\build\tests\cil_shared_memory\RelWithDebInfo\test_cil_shared_memory.exe
2026-09-29T06:22:59.4776379Z   rtfw_cpu_gpu_fpga_cpu_sample_tests.vcxproj -> D:\a\cpp-rt-car\cpp-rt-car\build\tests\RelWithDebInfo\rtfw_cpu_gpu_fpga_cpu_sample_tests.exe
2026-09-29T06:22:59.6747003Z   test_backend.cpp
2026-09-29T06:22:59.7660497Z   test_cuda_lifetime.cpp
2026-09-29T06:23:00.3095281Z   sample_hello_runtime.vcxproj -> D:\a\cpp-rt-car\cpp-rt-car\build\samples\RelWithDebInfo\sample_hello_runtime.exe
2026-09-29T06:23:00.3329118Z   sample_host_adapter.vcxproj -> D:\a\cpp-rt-car\cpp-rt-car\build\samples\RelWithDebInfo\sample_host_adapter.exe
2026-09-29T06:23:00.3795699Z   test_cuda_physics.cpp
2026-09-29T06:23:00.8677166Z   main.cpp
2026-09-29T06:23:01.7733594Z   main.cpp
2026-09-29T06:23:02.8764216Z   plant.cpp
2026-09-29T06:23:03.9008528Z   recipe_mixed_rate.vcxproj -> D:\a\cpp-rt-car\cpp-rt-car\build\samples\recipes\RelWithDebInfo\recipe_mixed_rate.exe
2026-09-29T06:23:05.6530581Z   main.cpp
2026-09-29T06:23:06.2017771Z   runtime.cpp
2026-09-29T06:23:06.4228055Z   recipe_live_control.vcxproj -> D:\a\cpp-rt-car\cpp-rt-car\build\samples\recipes\RelWithDebInfo\recipe_live_control.exe
2026-09-29T06:23:06.8421257Z   rtfw_cuda_physics_tests.vcxproj -> D:\a\cpp-rt-car\cpp-rt-car\build\tests\RelWithDebInfo\rtfw_cuda_physics_tests.exe
2026-09-29T06:23:07.3410416Z   sample_cil_plant.vcxproj -> D:\a\cpp-rt-car\cpp-rt-car\build\samples\RelWithDebInfo\sample_cil_plant.exe
2026-09-29T06:23:07.3877374Z   Building Custom Rule D:/a/cpp-rt-car/cpp-rt-car/samples/CMakeLists.txt
2026-09-29T06:23:07.4648351Z   Building Custom Rule D:/a/cpp-rt-car/cpp-rt-car/samples/CMakeLists.txt
2026-09-29T06:23:07.4924739Z   test_backend_authoring.vcxproj -> D:\a\cpp-rt-car\cpp-rt-car\build\tests\backend_authoring\RelWithDebInfo\test_backend_authoring.exe
2026-09-29T06:23:07.4960258Z   rtfw_cuda_lifetime_tests.vcxproj -> D:\a\cpp-rt-car\cpp-rt-car\build\tests\RelWithDebInfo\rtfw_cuda_lifetime_tests.exe
2026-09-29T06:23:07.5436538Z   Building Custom Rule D:/a/cpp-rt-car/cpp-rt-car/tests/CMakeLists.txt
2026-09-29T06:23:07.5541682Z   test_cuda_pipeline.cpp
2026-09-29T06:23:07.7547255Z   controller.cpp
2026-09-29T06:23:08.4318818Z   mini_app.c
2026-09-29T06:23:08.5298027Z   test_cabi_dlopen.c
2026-09-29T06:23:09.1647067Z   cpu_gpu_fpga_cpu.cpp
2026-09-29T06:23:10.4403076Z   main.cpp
2026-09-29T06:23:10.4883477Z   sample_backend_authoring.vcxproj -> D:\a\cpp-rt-car\cpp-rt-car\build\samples\RelWithDebInfo\sample_backend_authoring.exe
2026-09-29T06:23:10.4908339Z   fiber_pool.cpp
2026-09-29T06:23:11.6725061Z   sample_embed_c.vcxproj -> D:\a\cpp-rt-car\cpp-rt-car\build\samples\RelWithDebInfo\sample_embed_c.exe
2026-09-29T06:23:11.8079139Z   test_cabi_dlopen.vcxproj -> D:\a\cpp-rt-car\cpp-rt-car\build\tests\RelWithDebInfo\test_cabi_dlopen.exe
2026-09-29T06:23:11.9610619Z   sample_cpu_gpu_fpga_cpu.vcxproj -> D:\a\cpp-rt-car\cpp-rt-car\build\samples\RelWithDebInfo\sample_cpu_gpu_fpga_cpu.exe
2026-09-29T06:23:12.7265800Z   Building Custom Rule D:/a/cpp-rt-car/cpp-rt-car/samples/recipes/CMakeLists.txt
2026-09-29T06:23:12.8518599Z   sample_cuda_lifetime.vcxproj -> D:\a\cpp-rt-car\cpp-rt-car\build\samples\RelWithDebInfo\sample_cuda_lifetime.exe
2026-09-29T06:23:12.8837558Z   Generating Code...
2026-09-29T06:23:12.9109872Z   test_host.cpp
2026-09-29T06:23:12.9124611Z   mini_app.c
2026-09-29T06:23:13.0765835Z   c_consumer.c
2026-09-29T06:23:13.8909019Z   rtfw_cuda_pipeline_tests.vcxproj -> D:\a\cpp-rt-car\cpp-rt-car\build\tests\RelWithDebInfo\rtfw_cuda_pipeline_tests.exe
2026-09-29T06:23:13.9321030Z   sample_embed_c_static.vcxproj -> D:\a\cpp-rt-car\cpp-rt-car\build\samples\RelWithDebInfo\sample_embed_c_static.exe
2026-09-29T06:23:14.0232666Z   simcore_rt.vcxproj -> D:\a\cpp-rt-car\cpp-rt-car\build\RelWithDebInfo\simcore_rt.lib
2026-09-29T06:23:14.0447238Z   Staging the RTFW DLL beside the shared C embedding sample
2026-09-29T06:23:14.1062481Z   recipe_raw_c.vcxproj -> D:\a\cpp-rt-car\cpp-rt-car\build\samples\recipes\RelWithDebInfo\recipe_raw_c.exe
2026-09-29T06:23:14.1985527Z   controller.cpp
2026-09-29T06:23:14.2760908Z   sample_cuda_physics.vcxproj -> D:\a\cpp-rt-car\cpp-rt-car\build\samples\RelWithDebInfo\sample_cuda_physics.exe
2026-09-29T06:23:14.3668087Z   sample_cuda_pipeline.vcxproj -> D:\a\cpp-rt-car\cpp-rt-car\build\samples\RelWithDebInfo\sample_cuda_pipeline.exe
2026-09-29T06:23:14.4196175Z   test_system.cpp
2026-09-29T06:23:14.5024922Z   sample_cil_controller.vcxproj -> D:\a\cpp-rt-car\cpp-rt-car\build\samples\RelWithDebInfo\sample_cil_controller.exe
2026-09-29T06:23:14.5394198Z   main.cpp
2026-09-29T06:23:15.2586135Z   mini_app.cpp
2026-09-29T06:23:19.1209047Z   runtime_provider.cpp
2026-09-29T06:23:19.1256792Z   step.cpp
2026-09-29T06:23:19.6766202Z   test_host_adapter.vcxproj -> D:\a\cpp-rt-car\cpp-rt-car\build\tests\host_adapter\RelWithDebInfo\test_host_adapter.exe
2026-09-29T06:23:19.7150607Z   sample_embed_cpp.vcxproj -> D:\a\cpp-rt-car\cpp-rt-car\build\samples\RelWithDebInfo\sample_embed_cpp.exe
2026-09-29T06:23:19.7599296Z   test_golden_system.vcxproj -> D:\a\cpp-rt-car\cpp-rt-car\build\tests\golden_system\RelWithDebInfo\test_golden_system.exe
2026-09-29T06:23:19.8059239Z   Building Custom Rule D:/a/cpp-rt-car/cpp-rt-car/bench/CMakeLists.txt
2026-09-29T06:23:19.9431521Z   benchmark_cpu_consumer.cpp
2026-09-29T06:23:20.3556414Z   sample_golden_system.vcxproj -> D:\a\cpp-rt-car\cpp-rt-car\build\samples\RelWithDebInfo\sample_golden_system.exe
2026-09-29T06:23:20.3722075Z   sample_golden_controller.vcxproj -> D:\a\cpp-rt-car\cpp-rt-car\build\samples\RelWithDebInfo\sample_golden_controller.exe
2026-09-29T06:23:20.4553792Z   noalloc.cpp
2026-09-29T06:23:21.0456787Z   runtime_profile_demo.cpp
2026-09-29T06:23:21.0822916Z   rates.cpp
2026-09-29T06:23:22.2092667Z   provider.cpp
2026-09-29T06:23:23.3852151Z   rtfw_benchmark_cpu_consumer.vcxproj -> D:\a\cpp-rt-car\cpp-rt-car\build\bench\RelWithDebInfo\rtfw_benchmark_cpu_consumer.exe
2026-09-29T06:23:23.4688899Z   rtfw_simulation_timing_noalloc.vcxproj -> D:\a\cpp-rt-car\cpp-rt-car\build\tests\RelWithDebInfo\rtfw_simulation_timing_noalloc.exe
2026-09-29T06:23:23.7510827Z   controls.cpp
2026-09-29T06:23:23.8185590Z   rtfw_runtime_demo.vcxproj -> D:\a\cpp-rt-car\cpp-rt-car\build\RelWithDebInfo\rtfw_runtime_demo.exe
2026-09-29T06:23:23.8808669Z   device_provider.cpp
2026-09-29T06:23:24.0028563Z   live_control_replay_consumer.cpp
2026-09-29T06:23:25.6291999Z   Building Custom Rule D:/a/cpp-rt-car/cpp-rt-car/bench/CMakeLists.txt
2026-09-29T06:23:25.9114658Z   noalloc.cpp
2026-09-29T06:23:26.3293418Z   checkpoint.cpp
2026-09-29T06:23:27.7976050Z   recipe_replay.vcxproj -> D:\a\cpp-rt-car\cpp-rt-car\build\samples\recipes\RelWithDebInfo\recipe_replay.exe
2026-09-29T06:23:27.8641951Z   rtfw_benchmark_device.vcxproj -> D:\a\cpp-rt-car\cpp-rt-car\build\bench\RelWithDebInfo\rtfw_benchmark_device.lib
2026-09-29T06:23:27.9415237Z   rtfw_cuda_particle_benchmark.vcxproj -> D:\a\cpp-rt-car\cpp-rt-car\build\bench\RelWithDebInfo\rtfw_cuda_particle_benchmark.lib
2026-09-29T06:23:28.0226639Z   Building Custom Rule D:/a/cpp-rt-car/cpp-rt-car/bench/CMakeLists.txt
2026-09-29T06:23:28.1253786Z   Building Custom Rule D:/a/cpp-rt-car/cpp-rt-car/bench/CMakeLists.txt
2026-09-29T06:23:28.3747963Z   rtfw_benchmark_cpu_noalloc.vcxproj -> D:\a\cpp-rt-car\cpp-rt-car\build\bench\RelWithDebInfo\rtfw_benchmark_cpu_noalloc.exe
2026-09-29T06:23:28.4480526Z   noalloc.cpp
2026-09-29T06:23:28.4721871Z   benchmark_device_consumer.cpp
2026-09-29T06:23:28.8752323Z   replay.cpp
2026-09-29T06:23:29.1710492Z   golden state, controls, replay, recovery, allocation: PASS
2026-09-29T06:23:30.1640127Z   Building Custom Rule D:/a/cpp-rt-car/cpp-rt-car/bench/CMakeLists.txt
2026-09-29T06:23:30.2074782Z   Building Custom Rule D:/a/cpp-rt-car/cpp-rt-car/bench/CMakeLists.txt
2026-09-29T06:23:30.2673821Z   test_cuda_benchmark.cpp
2026-09-29T06:23:30.2728531Z   main.cpp
2026-09-29T06:23:30.9061769Z   observability.cpp
2026-09-29T06:23:31.2339159Z   rtfw_benchmark_device_noalloc.vcxproj -> D:\a\cpp-rt-car\cpp-rt-car\build\bench\RelWithDebInfo\rtfw_benchmark_device_noalloc.exe
2026-09-29T06:23:31.5836760Z   rtfw_benchmark_device_consumer.vcxproj -> D:\a\cpp-rt-car\cpp-rt-car\build\bench\RelWithDebInfo\rtfw_benchmark_device_consumer.exe
2026-09-29T06:23:31.6748649Z   golden ticks=24 callbacks=108 replay=24 peer=ok cleanup=ok
2026-09-29T06:23:31.7474812Z   PASS: portable golden run/state/replay; hardware and RT qualification not performed
2026-09-29T06:23:31.8733083Z   golden ticks=24 callbacks=108 replay=24 peer=ok cleanup=ok
2026-09-29T06:23:31.8860515Z   PASS: portable golden run/state/replay; hardware and RT qualification not performed
2026-09-29T06:23:31.8918571Z   Building Custom Rule D:/a/cpp-rt-car/cpp-rt-car/tests/golden_system/CMakeLists.txt
2026-09-29T06:23:32.2411638Z   hello_step_failure.vcxproj -> D:\a\cpp-rt-car\cpp-rt-car\build\tests\hello_runtime\RelWithDebInfo\hello_step_failure.exe
2026-09-29T06:23:32.3079935Z   Building Custom Rule D:/a/cpp-rt-car/cpp-rt-car/tests/CMakeLists.txt
2026-09-29T06:23:32.4113506Z   Building Custom Rule D:/a/cpp-rt-car/cpp-rt-car/tests/CMakeLists.txt
2026-09-29T06:23:32.4250854Z   Building Custom Rule D:/a/cpp-rt-car/cpp-rt-car/CMakeLists.txt
2026-09-29T06:23:32.4335142Z   Building Custom Rule D:/a/cpp-rt-car/cpp-rt-car/CMakeLists.txt
2026-09-29T06:23:32.5774426Z   host_adapter_tests.cpp
2026-09-29T06:23:34.0637384Z   main.cpp
2026-09-29T06:23:34.0837294Z   plugin_manager.cpp
2026-09-29T06:23:34.4822017Z   capacity.cpp
2026-09-29T06:23:35.1580365Z   scheduler.cpp
2026-09-29T06:23:35.7426940Z   rtfw_cuda_benchmark_tests.vcxproj -> D:\a\cpp-rt-car\cpp-rt-car\build\bench\RelWithDebInfo\rtfw_cuda_benchmark_tests.exe
2026-09-29T06:23:35.7850636Z   rtfw_host_adapter_tests.vcxproj -> D:\a\cpp-rt-car\cpp-rt-car\build\tests\RelWithDebInfo\rtfw_host_adapter_tests.exe
2026-09-29T06:23:35.8728755Z   Building Custom Rule D:/a/cpp-rt-car/cpp-rt-car/tests/CMakeLists.txt
2026-09-29T06:23:35.9021783Z   determinism_artifact.cpp
2026-09-29T06:23:36.5983976Z   device.cpp
2026-09-29T06:23:37.1653536Z   crashdump_stub.cpp
2026-09-29T06:23:37.3007805Z   rtfw-bench-cuda-physics.vcxproj -> D:\a\cpp-rt-car\cpp-rt-car\build\bench\RelWithDebInfo\rtfw-bench-cuda-physics.exe
2026-09-29T06:23:37.5987175Z   Generating Code...
2026-09-29T06:23:38.3155261Z   test_thread_policy.cpp
2026-09-29T06:23:38.4085565Z   rtfw_experimental.vcxproj -> D:\a\cpp-rt-car\cpp-rt-car\build\RelWithDebInfo\rtfw_experimental.lib
2026-09-29T06:23:40.9855889Z   rtfw_determinism_artifact.vcxproj -> D:\a\cpp-rt-car\cpp-rt-car\build\tests\RelWithDebInfo\rtfw_determinism_artifact.exe
2026-09-29T06:23:41.3584258Z   Generating Code...
2026-09-29T06:23:42.3612575Z   simcore_app.vcxproj -> D:\a\cpp-rt-car\cpp-rt-car\build\RelWithDebInfo\rtfw_demo.exe
2026-09-29T06:23:43.2012476Z   rtfw_thread_policy_rollback_test.vcxproj -> D:\a\cpp-rt-car\cpp-rt-car\build\tests\RelWithDebInfo\rtfw_thread_policy_rollback_test.exe
2026-09-29T06:23:44.7041883Z   rtfw_benchmark_runtime.vcxproj -> D:\a\cpp-rt-car\cpp-rt-car\build\bench\RelWithDebInfo\rtfw_benchmark_runtime.lib
2026-09-29T06:23:44.7594800Z   Building Custom Rule D:/a/cpp-rt-car/cpp-rt-car/bench/CMakeLists.txt
2026-09-29T06:23:44.7595511Z   Building Custom Rule D:/a/cpp-rt-car/cpp-rt-car/bench/CMakeLists.txt
2026-09-29T06:23:44.8191104Z   Building Custom Rule D:/a/cpp-rt-car/cpp-rt-car/bench/CMakeLists.txt
2026-09-29T06:23:44.8313550Z   benchmark_cli.cpp
2026-09-29T06:23:44.8930249Z   noalloc.cpp
2026-09-29T06:23:44.9028401Z   benchmark_runtime_consumer.cpp
2026-09-29T06:23:45.7788770Z   Building Custom Rule D:/a/cpp-rt-car/cpp-rt-car/tests/CMakeLists.txt
2026-09-29T06:23:46.0314605Z   test_simcore_basic.cpp
2026-09-29T06:23:47.2432674Z   rtfw_benchmark_runtime_noalloc.vcxproj -> D:\a\cpp-rt-car\cpp-rt-car\build\bench\RelWithDebInfo\rtfw_benchmark_runtime_noalloc.exe
2026-09-29T06:23:47.4662567Z   rtfw_benchmark_runtime_consumer.vcxproj -> D:\a\cpp-rt-car\cpp-rt-car\build\bench\RelWithDebInfo\rtfw_benchmark_runtime_consumer.exe
2026-09-29T06:23:48.0221549Z   rtfw-bench.vcxproj -> D:\a\cpp-rt-car\cpp-rt-car\build\bench\RelWithDebInfo\rtfw-bench.exe
2026-09-29T06:23:49.4159790Z   test_simcore_determinism.cpp
2026-09-29T06:23:52.2048945Z   test_logging.cpp
2026-09-29T06:23:54.2292580Z   test_async_logger.cpp
2026-09-29T06:23:56.3520762Z   test_logger_backpressure.cpp
2026-09-29T06:23:59.2524128Z   test_profiler.cpp
2026-09-29T06:24:02.0043419Z   test_adaptive_param.cpp
2026-09-29T06:24:04.6992210Z   test_soa.cpp
2026-09-29T06:24:05.7128356Z   test_sparse_set.cpp
2026-09-29T06:24:06.7827281Z   test_soa_view.cpp
2026-09-29T06:24:07.7720752Z   test_jobqueue.cpp
2026-09-29T06:24:09.3540534Z   test_queue_metrics.cpp
2026-09-29T06:24:11.2073996Z   test_metrics_json.cpp
2026-09-29T06:24:13.9404092Z   test_jobqueue_perf.cpp
2026-09-29T06:24:15.5178597Z   test_workerpool_priority.cpp
2026-09-29T06:24:17.2468645Z   test_phase_graph.cpp
2026-09-29T06:24:19.9230378Z   test_static_phase_graph.cpp
2026-09-29T06:24:21.0074699Z   test_chunk_autotune.cpp
2026-09-29T06:24:23.7155214Z   test_deterministic_reduce.cpp
2026-09-29T06:24:26.3526894Z   test_differential_output.cpp
2026-09-29T06:24:27.3775001Z   Generating Code...
2026-09-29T06:24:47.2269297Z   Compiling...
2026-09-29T06:24:47.2270053Z   test_robust_fp.cpp
2026-09-29T06:24:48.2361122Z   test_budget_monitor.cpp
2026-09-29T06:24:50.8788784Z   test_fault_injection.cpp
2026-09-29T06:24:53.6296231Z   test_simd.cpp
2026-09-29T06:24:55.0867222Z   test_aosoa_autotune.cpp
2026-09-29T06:24:56.0781333Z   test_rt_pool.cpp
2026-09-29T06:24:57.1458045Z   test_rt_arena.cpp
2026-09-29T06:24:58.1970497Z   test_arena_binding_assert.cpp
2026-09-29T06:24:59.2664740Z   test_rt_overflow_death.cpp
2026-09-29T06:25:00.8007876Z   test_fiber_pool.cpp
2026-09-29T06:25:03.5081868Z   test_fiber_pool_race.cpp
2026-09-29T06:25:06.2074722Z   test_bintrace.cpp
2026-09-29T06:25:08.8780969Z   test_budget_degrade.cpp
2026-09-29T06:25:11.5422487Z   test_predictive_adaptive.cpp
2026-09-29T06:25:14.1673941Z   test_small_array_balance.cpp
2026-09-29T06:25:16.8251296Z   test_phase_telemetry.cpp
2026-09-29T06:25:19.4996984Z   test_aligned_allocator.cpp
2026-09-29T06:25:20.5256885Z   test_highres_clock.cpp
2026-09-29T06:25:21.8675218Z   test_highres_clock_integration.cpp
2026-09-29T06:25:23.2054895Z   test_rate_governor.cpp
2026-09-29T06:25:24.2428207Z   Generating Code...
2026-09-29T06:25:39.0765127Z   Compiling...
2026-09-29T06:25:39.0765605Z   test_hazard_ptr.cpp
2026-09-29T06:25:40.1601427Z   test_lockfree_queue.cpp
2026-09-29T06:25:41.2857217Z   test_seqlock_config.cpp
2026-09-29T06:25:42.2963065Z   test_backpressure.cpp
2026-09-29T06:25:43.7325720Z   test_physics_integrators.cpp
2026-09-29T06:25:44.7791137Z   test_constraint_solver.cpp
2026-09-29T06:25:45.7622630Z   test_narrowphase.cpp
2026-09-29T06:25:46.7601727Z   test_hal.cpp
2026-09-29T06:25:48.3396054Z   test_gpu_stub.cpp
2026-09-29T06:25:51.0830302Z   test_gpu_overlap.cpp
2026-09-29T06:25:52.8914348Z   test_frame_graph.cpp
2026-09-29T06:25:54.7089534Z   test_watchdog.cpp
2026-09-29T06:25:56.1233280Z   test_rt_watchdog.cpp
2026-09-29T06:25:57.4888016Z   test_crashdump.cpp
2026-09-29T06:25:58.8393143Z   test_numerics.cpp
2026-09-29T06:25:59.8748634Z   test_prng_determinism.cpp
2026-09-29T06:26:02.5691953Z   test_snapshot.cpp
2026-09-29T06:26:05.3842848Z   test_trace_export.cpp
2026-09-29T06:26:06.8877791Z   test_trace_noalloc.cpp
2026-09-29T06:26:08.6222735Z   test_units.cpp
2026-09-29T06:26:09.6063786Z   Generating Code...
2026-09-29T06:26:18.5921983Z   Compiling...
2026-09-29T06:26:18.5922389Z   test_huge_page.cpp
2026-09-29T06:26:19.5993336Z   test_thermal_limp.cpp
2026-09-29T06:26:22.2825859Z   test_limp_mode.cpp
2026-09-29T06:26:25.0075969Z   test_config_hot_reload.cpp
2026-09-29T06:26:26.5965710Z   test_plugin_manager.cpp
2026-09-29T06:26:27.8364355Z   test_sandbox.cpp
2026-09-29T06:26:29.0376511Z   test_minidump_symbols.cpp
2026-09-29T06:26:30.0304584Z   test_perf_artifacts.cpp
2026-09-29T06:26:31.6311021Z   test_scheduler.cpp
2026-09-29T06:26:33.1260567Z   test_host_runtime.cpp
2026-09-29T06:26:34.6439866Z   test_periodic_runtime.cpp
2026-09-29T06:26:36.2038588Z   test_platform_preflight.cpp
2026-09-29T06:26:37.6358534Z   test_compiled_graph.cpp
2026-09-29T06:26:39.2807539Z   test_executor.cpp
2026-09-29T06:26:40.7796586Z   test_memory_plan.cpp
2026-09-29T06:26:42.2700106Z   test_observability.cpp
2026-09-29T06:26:43.8700115Z   test_determinism_replay.cpp
2026-09-29T06:26:45.5546687Z   test_device_runtime.cpp
2026-09-29T06:26:47.2861510Z   test_cuda_backend.cpp
2026-09-29T06:26:50.2437064Z   test_vendor_hal_v2.cpp
2026-09-29T06:26:51.8639554Z   Generating Code...
2026-09-29T06:27:03.8684190Z   Compiling...
2026-09-29T06:27:03.8684803Z   test_rt_pipeline.cpp
2026-09-29T06:27:06.7327712Z   test_platform_gate.cpp
2026-09-29T06:27:08.5400971Z   test_determinism.cpp
2026-09-29T06:27:10.1263604Z   test_extension_registration.cpp
2026-09-29T06:27:11.7347172Z   test_command_batch.cpp
2026-09-29T06:27:13.9300732Z   test_device_rate_simulation.cpp
2026-09-29T06:27:15.8388189Z   test_heterogeneous_memory.cpp
2026-09-29T06:27:17.5732267Z   test_hal_v2.cpp
2026-09-29T06:27:19.1363214Z   test_cross_rate_data.cpp
2026-09-29T06:27:20.8992014Z   test_rate_dispatch.cpp
2026-09-29T06:27:22.7135665Z   test_rate_telemetry.cpp
2026-09-29T06:27:24.2397374Z   test_rate_timeline.cpp
2026-09-29T06:27:25.8791468Z   test_sampled_io.cpp
2026-09-29T06:27:27.5506380Z   test_loopback_backend.cpp
2026-09-29T06:27:29.0313365Z   test_live_control_mailbox.cpp
2026-09-29T06:27:30.7722062Z   test_live_control_actions.cpp
2026-09-29T06:27:32.2023682Z   test_live_control_sdk.cpp
2026-09-29T06:27:33.7592433Z   test_live_control_stress.cpp
2026-09-29T06:27:35.4082565Z   test_live_control_active_replay.cpp
2026-09-29T06:27:36.9480216Z   test_mixed_rate_actions.cpp
2026-09-29T06:27:38.4389022Z   Generating Code...
2026-09-29T06:28:04.6737882Z   Compiling...
2026-09-29T06:28:04.6738912Z   test_mixed_rate_replay.cpp
2026-09-29T06:28:06.2023607Z   test_mixed_rate_conformance.cpp
2026-09-29T06:28:07.7157198Z   test_cpu_memory_policy.cpp
2026-09-29T06:28:09.2907440Z   test_memory_policy.cpp
2026-09-29T06:28:10.9401153Z   test_thread_policy.cpp
2026-09-29T06:28:12.4558068Z   test_benchmark_contract.cpp
2026-09-29T06:28:14.0983484Z   test_benchmark_runner.cpp
2026-09-29T06:28:15.6921265Z   test_benchmark_artifacts.cpp
2026-09-29T06:28:17.3524519Z   test_benchmark_cpu.cpp
2026-09-29T06:28:18.9331899Z   test_benchmark_runtime.cpp
2026-09-29T06:28:20.4862680Z   test_benchmark_device.cpp
2026-09-29T06:28:22.3742680Z   Generating Code...
2026-09-29T06:28:33.4392819Z   simcore_tests.vcxproj -> D:\a\cpp-rt-car\cpp-rt-car\build\tests\RelWithDebInfo\simcore_tests.exe
2026-09-29T06:28:33.5314045Z   Building Custom Rule D:/a/cpp-rt-car/cpp-rt-car/CMakeLists.txt
2026-09-29T06:28:33.7406568Z ##[group]Run ctest --test-dir build -C RelWithDebInfo --output-on-failure
2026-09-29T06:28:33.7407358Z [36;1mctest --test-dir build -C RelWithDebInfo --output-on-failure[0m
2026-09-29T06:28:33.7439004Z shell: C:\Program Files\PowerShell\7\pwsh.EXE -command ". '{0}'"
2026-09-29T06:28:33.7439360Z ##[endgroup]
2026-09-29T06:28:34.4467785Z Internal ctest changing into directory: D:/a/cpp-rt-car/cpp-rt-car/build
2026-09-29T06:28:34.5375792Z Test project D:/a/cpp-rt-car/cpp-rt-car/build
2026-09-29T06:28:34.6255899Z       Start  1: sample_cuda_pipeline
2026-09-29T06:28:34.6826183Z  1/92 Test  #1: sample_cuda_pipeline .....................   Passed    0.01 sec
2026-09-29T06:28:34.6836105Z       Start  2: sample_cuda_physics
2026-09-29T06:28:34.6954398Z  2/92 Test  #2: sample_cuda_physics ......................   Passed    0.01 sec
2026-09-29T06:28:34.6956739Z       Start  3: sample_particles
2026-09-29T06:28:34.7016457Z  3/92 Test  #3: sample_particles .........................   Passed    0.01 sec
2026-09-29T06:28:34.7018771Z       Start  4: sample_tyre_belt
2026-09-29T06:28:34.7076421Z  4/92 Test  #4: sample_tyre_belt .........................   Passed    0.01 sec
2026-09-29T06:28:34.7078669Z       Start  5: sample_async_gpu
2026-09-29T06:28:34.7143075Z  5/92 Test  #5: sample_async_gpu .........................   Passed    0.01 sec
2026-09-29T06:28:34.7146629Z       Start  6: sample_embed_c
2026-09-29T06:28:34.7475529Z  6/92 Test  #6: sample_embed_c ...........................   Passed    0.03 sec
2026-09-29T06:28:34.7478148Z       Start  7: sample_embed_c_static
2026-09-29T06:28:34.7786075Z  7/92 Test  #7: sample_embed_c_static ....................   Passed    0.03 sec
2026-09-29T06:28:34.7788943Z       Start  8: sample_embed_cpp
2026-09-29T06:28:34.8099135Z  8/92 Test  #8: sample_embed_cpp .........................   Passed    0.03 sec
2026-09-29T06:28:34.8101880Z       Start  9: sample_device_mock
2026-09-29T06:28:34.8186421Z  9/92 Test  #9: sample_device_mock .......................   Passed    0.01 sec
2026-09-29T06:28:34.8189083Z       Start 10: sample_live_control_typed
2026-09-29T06:28:34.8304241Z 10/92 Test #10: sample_live_control_typed ................   Passed    0.01 sec
2026-09-29T06:28:34.8306226Z       Start 11: sample_cpu_gpu_fpga_cpu
2026-09-29T06:28:34.8396016Z 11/92 Test #11: sample_cpu_gpu_fpga_cpu ..................   Passed    0.01 sec
2026-09-29T06:28:34.8399169Z       Start 12: sample_cuda_lifetime
2026-09-29T06:28:54.9623796Z 12/92 Test #12: sample_cuda_lifetime .....................   Passed   20.12 sec
2026-09-29T06:28:54.9627250Z       Start 13: hello_runtime_output
2026-09-29T06:28:54.9857206Z 13/92 Test #13: hello_runtime_output .....................   Passed    0.02 sec
2026-09-29T06:28:54.9859493Z       Start 14: typed_runtime_output
2026-09-29T06:28:55.0073707Z 14/92 Test #14: typed_runtime_output .....................   Passed    0.02 sec
2026-09-29T06:28:55.0075558Z       Start 15: backend_authoring_output
2026-09-29T06:28:55.0291524Z 15/92 Test #15: backend_authoring_output .................   Passed    0.02 sec
2026-09-29T06:28:55.0293377Z       Start 16: cil_shared_memory_processes
2026-09-29T06:29:11.5458330Z 16/92 Test #16: cil_shared_memory_processes ..............   Passed   16.52 sec
2026-09-29T06:29:11.5461540Z       Start 17: host_adapter_native
2026-09-29T06:29:11.5707526Z 17/92 Test #17: host_adapter_native ......................   Passed    0.02 sec
2026-09-29T06:29:11.5709757Z       Start 18: host_adapter_host
2026-09-29T06:29:11.5899380Z 18/92 Test #18: host_adapter_host ........................   Passed    0.02 sec
2026-09-29T06:29:11.5901299Z       Start 19: recipe_raw_c
2026-09-29T06:29:11.5991307Z 19/92 Test #19: recipe_raw_c .............................   Passed    0.01 sec
2026-09-29T06:29:11.5993042Z       Start 20: recipe_raw_cpp
2026-09-29T06:29:11.6074183Z 20/92 Test #20: recipe_raw_cpp ...........................   Passed    0.01 sec
2026-09-29T06:29:11.6077959Z       Start 21: recipe_profile
2026-09-29T06:29:11.6145200Z 21/92 Test #21: recipe_profile ...........................   Passed    0.01 sec
2026-09-29T06:29:11.6147713Z       Start 22: recipe_mixed_rate
2026-09-29T06:29:11.6258153Z 22/92 Test #22: recipe_mixed_rate ........................   Passed    0.01 sec
2026-09-29T06:29:11.6260131Z       Start 23: recipe_live_control
2026-09-29T06:29:11.6350964Z 23/92 Test #23: recipe_live_control ......................   Passed    0.01 sec
2026-09-29T06:29:11.6352730Z       Start 24: recipe_replay
2026-09-29T06:29:11.6437443Z 24/92 Test #24: recipe_replay ............................   Passed    0.01 sec
2026-09-29T06:29:11.6439726Z       Start 25: recipe_replay_replaced
2026-09-29T06:29:11.6501911Z 25/92 Test #25: recipe_replay_replaced ...................   Passed    0.01 sec
2026-09-29T06:29:11.6503512Z       Start 26: recipe_replay_rejected
2026-09-29T06:29:11.6565287Z 26/92 Test #26: recipe_replay_rejected ...................   Passed    0.01 sec
2026-09-29T06:29:11.6567671Z       Start 27: recipe_cuda_boundary
2026-09-29T06:29:11.6624748Z 27/92 Test #27: recipe_cuda_boundary .....................   Passed    0.01 sec
2026-09-29T06:29:11.6626706Z       Start 28: recipe_xdma_boundary
2026-09-29T06:29:11.6692402Z 28/92 Test #28: recipe_xdma_boundary .....................   Passed    0.01 sec
2026-09-29T06:29:11.6694266Z       Start 29: benchmark_device_package_consumer
2026-09-29T06:29:11.6771513Z 29/92 Test #29: benchmark_device_package_consumer ........   Passed    0.01 sec
2026-09-29T06:29:11.6773803Z       Start 30: m23_benchmark_device_noalloc
2026-09-29T06:29:11.7137058Z 30/92 Test #30: m23_benchmark_device_noalloc .............   Passed    0.04 sec
2026-09-29T06:29:11.7139503Z       Start 31: benchmark_runtime_package_consumer
2026-09-29T06:29:11.7228131Z 31/92 Test #31: benchmark_runtime_package_consumer .......   Passed    0.01 sec
2026-09-29T06:29:11.7230478Z       Start 32: m23_benchmark_runtime_noalloc
2026-09-29T06:29:14.7181440Z 32/92 Test #32: m23_benchmark_runtime_noalloc ............   Passed    2.99 sec
2026-09-29T06:29:14.7184536Z       Start 33: benchmark_cpu_package_consumer
2026-09-29T06:29:14.7278915Z 33/92 Test #33: benchmark_cpu_package_consumer ...........   Passed    0.01 sec
2026-09-29T06:29:14.7281333Z       Start 34: m23_benchmark_cpu_noalloc
2026-09-29T06:29:14.7521967Z 34/92 Test #34: m23_benchmark_cpu_noalloc ................   Passed    0.02 sec
2026-09-29T06:29:14.7524199Z       Start 35: benchmark_package_consumer
2026-09-29T06:29:14.7588573Z 35/92 Test #35: benchmark_package_consumer ...............   Passed    0.01 sec
2026-09-29T06:29:14.7590608Z       Start 36: m23_benchmark_extension_lifecycle
2026-09-29T06:29:14.7999705Z 36/92 Test #36: m23_benchmark_extension_lifecycle ........   Passed    0.04 sec
2026-09-29T06:29:14.8001960Z       Start 37: m23_benchmark_analysis
2026-09-29T06:30:46.8198025Z 37/92 Test #37: m23_benchmark_analysis ...................   Passed   92.02 sec
2026-09-29T06:30:46.8200846Z       Start 38: m23_benchmark_device_inventory
2026-09-29T06:30:54.2308092Z 38/92 Test #38: m23_benchmark_device_inventory ...........   Passed    7.41 sec
2026-09-29T06:30:54.2311149Z       Start 39: m23_benchmark_runtime_inventory
2026-09-29T06:31:09.6586103Z 39/92 Test #39: m23_benchmark_runtime_inventory ..........   Passed   15.43 sec
2026-09-29T06:31:09.6588470Z       Start 40: m23_benchmark_cpu_inventory
2026-09-29T06:31:15.6994429Z 40/92 Test #40: m23_benchmark_cpu_inventory ..............   Passed    6.04 sec
2026-09-29T06:31:15.6997474Z       Start 41: m23_benchmark_artifact_validator
2026-09-29T06:31:20.0778498Z 41/92 Test #41: m23_benchmark_artifact_validator .........   Passed    4.38 sec
2026-09-29T06:31:20.0781128Z       Start 42: m24_cuda_benchmark
2026-09-29T06:31:20.1367103Z 42/92 Test #42: m24_cuda_benchmark .......................   Passed    0.06 sec
2026-09-29T06:31:20.1369518Z       Start 43: m24_cuda_benchmark_cli
2026-09-29T06:31:23.0136774Z 43/92 Test #43: m24_cuda_benchmark_cli ...................   Passed    2.88 sec
2026-09-29T06:31:23.0138822Z       Start 44: m23_benchmark
2026-09-29T06:31:27.1032097Z 44/92 Test #44: m23_benchmark ............................   Passed    4.09 sec
2026-09-29T06:31:27.1035854Z       Start 45: simcore_all
2026-09-29T06:32:20.7026486Z 45/92 Test #45: simcore_all ..............................***Failed   53.60 sec
2026-09-29T06:32:20.7027450Z Running main() from D:\a\cpp-rt-car\cpp-rt-car\external\googletest\googletest\src\gtest_main.cc
2026-09-29T06:32:20.7028075Z [==========] Running 552 tests from 114 test suites.
2026-09-29T06:32:20.7028829Z [----------] Global test environment set-up.
2026-09-29T06:32:20.7029364Z [----------] 1 test from SimCoreBasic
2026-09-29T06:32:20.7029768Z [ RUN      ] SimCoreBasic.RunsExactFrames
2026-09-29T06:32:20.7030226Z [       OK ] SimCoreBasic.RunsExactFrames (1256 ms)
2026-09-29T06:32:20.7030673Z [----------] 1 test from SimCoreBasic (1256 ms total)
2026-09-29T06:32:20.7030873Z 
2026-09-29T06:32:20.7031034Z [----------] 3 tests from Logger
2026-09-29T06:32:20.7031362Z [ RUN      ] Logger.AsyncRingFileSinkFlushes
2026-09-29T06:32:20.7031707Z [       OK ] Logger.AsyncRingFileSinkFlushes (67 ms)
2026-09-29T06:32:20.7032445Z [ RUN      ] Logger.AsyncRingFileSinkDrops
2026-09-29T06:32:20.7032886Z [       OK ] Logger.AsyncRingFileSinkDrops (122 ms)
2026-09-29T06:32:20.7033571Z [ RUN      ] Logger.RespectsLevel
2026-09-29T06:32:20.7033874Z [       OK ] Logger.RespectsLevel (0 ms)
2026-09-29T06:32:20.7034242Z [----------] 3 tests from Logger (190 ms total)
2026-09-29T06:32:20.7034425Z 
2026-09-29T06:32:20.7034591Z [----------] 2 tests from LoggerBackpressure
2026-09-29T06:32:20.7035005Z [ RUN      ] LoggerBackpressure.FileSinkDropsUnderFloodWithoutBlocking
2026-09-29T06:32:20.7035509Z [       OK ] LoggerBackpressure.FileSinkDropsUnderFloodWithoutBlocking (86 ms)
2026-09-29T06:32:20.7036007Z [ RUN      ] LoggerBackpressure.LogDropsMetricIncreases
2026-09-29T06:32:20.7036436Z [       OK ] LoggerBackpressure.LogDropsMetricIncreases (113 ms)
2026-09-29T06:32:20.7036867Z [----------] 2 tests from LoggerBackpressure (200 ms total)
2026-09-29T06:32:20.7037078Z 
2026-09-29T06:32:20.7037228Z [----------] 1 test from ProfilerIntegration
2026-09-29T06:32:20.7037578Z [ RUN      ] ProfilerIntegration.CollectsPhaseAndFrame
2026-09-29T06:32:20.7037979Z [       OK ] ProfilerIntegration.CollectsPhaseAndFrame (574 ms)
2026-09-29T06:32:20.7038362Z [----------] 1 test from ProfilerIntegration (574 ms total)
2026-09-29T06:32:20.7038586Z 
2026-09-29T06:32:20.7038703Z [----------] 1 test from AdaptiveParamTest
2026-09-29T06:32:20.7039005Z [ RUN      ] AdaptiveParamTest.DriftBounded
2026-09-29T06:32:20.7039412Z [       OK ] AdaptiveParamTest.DriftBounded (438 ms)
2026-09-29T06:32:20.7039762Z [----------] 1 test from AdaptiveParamTest (438 ms total)
2026-09-29T06:32:20.7040066Z 
2026-09-29T06:32:20.7040218Z [----------] 3 tests from CarSoA
2026-09-29T06:32:20.7040493Z [ RUN      ] CarSoA.InsertRemove
2026-09-29T06:32:20.7040762Z [       OK ] CarSoA.InsertRemove (0 ms)
2026-09-29T06:32:20.7041185Z [ RUN      ] CarSoA.ContiguousStorage
2026-09-29T06:32:20.7041647Z [       OK ] CarSoA.ContiguousStorage (0 ms)
2026-09-29T06:32:20.7041966Z [ RUN      ] CarSoA.BranchlessLookup
2026-09-29T06:32:20.7042265Z [       OK ] CarSoA.BranchlessLookup (0 ms)
2026-09-29T06:32:20.7042596Z [----------] 3 tests from CarSoA (0 ms total)
2026-09-29T06:32:20.7042801Z 
2026-09-29T06:32:20.7042895Z [----------] 2 tests from SparseSet
2026-09-29T06:32:20.7043167Z [ RUN      ] SparseSet.InsertRemoveAligned
2026-09-29T06:32:20.7043522Z [       OK ] SparseSet.InsertRemoveAligned (0 ms)
2026-09-29T06:32:20.7043834Z [ RUN      ] SparseSet.GroupView
2026-09-29T06:32:20.7044170Z [       OK ] SparseSet.GroupView (0 ms)
2026-09-29T06:32:20.7044465Z [----------] 2 tests from SparseSet (0 ms total)
2026-09-29T06:32:20.7044629Z 
2026-09-29T06:32:20.7044776Z [----------] 2 tests from SOAView
2026-09-29T06:32:20.7045040Z [ RUN      ] SOAView.Access
2026-09-29T06:32:20.7045619Z [       OK ] SOAView.Access (0 ms)
2026-09-29T06:32:20.7045914Z [ RUN      ] SOAView.Axpy
2026-09-29T06:32:20.7046179Z [       OK ] SOAView.Axpy (0 ms)
2026-09-29T06:32:20.7046482Z [----------] 2 tests from SOAView (0 ms total)
2026-09-29T06:32:20.7046661Z 
2026-09-29T06:32:20.7046790Z [----------] 4 tests from JobQueue
2026-09-29T06:32:20.7047092Z [ RUN      ] JobQueue.ExecutesEveryJob
2026-09-29T06:32:20.7047388Z [       OK ] JobQueue.ExecutesEveryJob (15 ms)
2026-09-29T06:32:20.7047750Z [ RUN      ] JobQueue.BackpressureCapsOutstanding
2026-09-29T06:32:20.7048116Z [       OK ] JobQueue.BackpressureCapsOutstanding (172 ms)
2026-09-29T06:32:20.7048521Z [ RUN      ] JobQueue.SingleProducerFastPath
2026-09-29T06:32:20.7048846Z [       OK ] JobQueue.SingleProducerFastPath (0 ms)
2026-09-29T06:32:20.7049169Z [ RUN      ] JobQueue.ContentionTwoXThreads
2026-09-29T06:32:20.7049525Z [       OK ] JobQueue.ContentionTwoXThreads (1 ms)
2026-09-29T06:32:20.7049855Z [----------] 4 tests from JobQueue (189 ms total)
2026-09-29T06:32:20.7050066Z 
2026-09-29T06:32:20.7050179Z [----------] 1 test from QueueMetrics
2026-09-29T06:32:20.7050481Z [ RUN      ] QueueMetrics.PublishesDepthAndSteals
2026-09-29T06:32:20.7050848Z [       OK ] QueueMetrics.PublishesDepthAndSteals (45 ms)
2026-09-29T06:32:20.7051358Z [----------] 1 test from QueueMetrics (45 ms total)
2026-09-29T06:32:20.7051549Z 
2026-09-29T06:32:20.7051681Z [----------] 2 tests from MetricsJson
2026-09-29T06:32:20.7052005Z [ RUN      ] MetricsJson.EmitsPhaseStatsAndCounters
2026-09-29T06:32:20.7052362Z [       OK ] MetricsJson.EmitsPhaseStatsAndCounters (109 ms)
2026-09-29T06:32:20.7052739Z [ RUN      ] MetricsJson.IntervalResetsCounters
2026-09-29T06:32:20.7053094Z [       OK ] MetricsJson.IntervalResetsCounters (109 ms)
2026-09-29T06:32:20.7053446Z [----------] 2 tests from MetricsJson (219 ms total)
2026-09-29T06:32:20.7053678Z 
2026-09-29T06:32:20.7053778Z [----------] 1 test from JobQueuePerf
2026-09-29T06:32:20.7054102Z [ RUN      ] JobQueuePerf.MPMCvsMutex
2026-09-29T06:32:20.7054418Z Lockfree queue: 6.2134 ms, mutex queue: 2.2961 ms
2026-09-29T06:32:20.7054805Z D:\a\cpp-rt-car\cpp-rt-car\tests\test_jobqueue_perf.cpp(84): Skipped
2026-09-29T06:32:20.7055217Z Lock-free queue was not faster than mutex queue
2026-09-29T06:32:20.7055439Z 
2026-09-29T06:32:20.7055554Z [  SKIPPED ] JobQueuePerf.MPMCvsMutex (8 ms)
2026-09-29T06:32:20.7055897Z [----------] 1 test from JobQueuePerf (8 ms total)
2026-09-29T06:32:20.7056115Z 
2026-09-29T06:32:20.7056215Z [----------] 3 tests from JobQueuePerfMix
2026-09-29T06:32:20.7056499Z [ RUN      ] JobQueuePerfMix.SPSC
2026-09-29T06:32:20.7056840Z SPSC time: 3.6654 ms
2026-09-29T06:32:20.7057084Z [       OK ] JobQueuePerfMix.SPSC (3 ms)
2026-09-29T06:32:20.7057398Z [ RUN      ] JobQueuePerfMix.SPMC
2026-09-29T06:32:20.7057675Z SPMC time: 3.7792 ms
2026-09-29T06:32:20.7057932Z [       OK ] JobQueuePerfMix.SPMC (3 ms)
2026-09-29T06:32:20.7058225Z [ RUN      ] JobQueuePerfMix.MPMC
2026-09-29T06:32:20.7058479Z MPMC time: 26.0928 ms
2026-09-29T06:32:20.7058760Z [       OK ] JobQueuePerfMix.MPMC (26 ms)
2026-09-29T06:32:20.7059090Z [----------] 3 tests from JobQueuePerfMix (33 ms total)
2026-09-29T06:32:20.7059318Z 
2026-09-29T06:32:20.7059456Z [----------] 3 tests from WorkerPoolSched
2026-09-29T06:32:20.7059785Z [ RUN      ] WorkerPoolSched.HighPriorityRunsFirst
2026-09-29T06:32:20.7060154Z [       OK ] WorkerPoolSched.HighPriorityRunsFirst (3 ms)
2026-09-29T06:32:20.7060492Z [ RUN      ] WorkerPoolSched.WorkStealing
2026-09-29T06:32:20.7060808Z [       OK ] WorkerPoolSched.WorkStealing (204 ms)
2026-09-29T06:32:20.7061152Z [ RUN      ] WorkerPoolSched.TailLatencyUnderSkew
2026-09-29T06:32:20.7061509Z [       OK ] WorkerPoolSched.TailLatencyUnderSkew (125 ms)
2026-09-29T06:32:20.7061892Z [----------] 3 tests from WorkerPoolSched (333 ms total)
2026-09-29T06:32:20.7062118Z 
2026-09-29T06:32:20.7062241Z [----------] 1 test from PhaseGraph
2026-09-29T06:32:20.7062742Z [ RUN      ] PhaseGraph.EnforcesDepsAndRunsParallelFrontier
2026-09-29T06:32:20.7063185Z [       OK ] PhaseGraph.EnforcesDepsAndRunsParallelFrontier (187 ms)
2026-09-29T06:32:20.7063625Z [----------] 1 test from PhaseGraph (187 ms total)
2026-09-29T06:32:20.7063840Z 
2026-09-29T06:32:20.7063935Z [----------] 3 tests from StaticPhaseGraph
2026-09-29T06:32:20.7064332Z [ RUN      ] StaticPhaseGraph.RespectsCompileTimeEdges
2026-09-29T06:32:20.7064710Z [       OK ] StaticPhaseGraph.RespectsCompileTimeEdges (0 ms)
2026-09-29T06:32:20.7065137Z [ RUN      ] StaticPhaseGraph.DynamicOverlayAddsDependency
2026-09-29T06:32:20.7065563Z [       OK ] StaticPhaseGraph.DynamicOverlayAddsDependency (0 ms)
2026-09-29T06:32:20.7065946Z [ RUN      ] StaticPhaseGraph.AutoRWBarrier
2026-09-29T06:32:20.7066277Z [       OK ] StaticPhaseGraph.AutoRWBarrier (0 ms)
2026-09-29T06:32:20.7066624Z [----------] 3 tests from StaticPhaseGraph (0 ms total)
2026-09-29T06:32:20.7066862Z 
2026-09-29T06:32:20.7066964Z [----------] 6 tests from ChunkAutoTune
2026-09-29T06:32:20.7067354Z [ RUN      ] ChunkAutoTune.ManyElementsTargetsChunksPerThread
2026-09-29T06:32:20.7067799Z [       OK ] ChunkAutoTune.ManyElementsTargetsChunksPerThread (93 ms)
2026-09-29T06:32:20.7068210Z [ RUN      ] ChunkAutoTune.SmallArrayClampedByMinChunk
2026-09-29T06:32:20.7069784Z [       OK ] ChunkAutoTune.SmallArrayClampedByMinChunk (94 ms)
2026-09-29T06:32:20.7070162Z [ RUN      ] ChunkAutoTune.DisabledUsesFixedChunk
2026-09-29T06:32:20.7070528Z [       OK ] ChunkAutoTune.DisabledUsesFixedChunk (93 ms)
2026-09-29T06:32:20.7070897Z [ RUN      ] ChunkAutoTune.HintLatencyProducesMoreChunks
2026-09-29T06:32:20.7071307Z [       OK ] ChunkAutoTune.HintLatencyProducesMoreChunks (187 ms)
2026-09-29T06:32:20.7071728Z [ RUN      ] ChunkAutoTune.CachePinsPerMachine
2026-09-29T06:32:20.7072075Z [       OK ] ChunkAutoTune.CachePinsPerMachine (218 ms)
2026-09-29T06:32:20.7072423Z [ RUN      ] ChunkAutoTune.CusumDriftRetunes
2026-09-29T06:32:20.7072781Z [       OK ] ChunkAutoTune.CusumDriftRetunes (218 ms)
2026-09-29T06:32:20.7073141Z [----------] 6 tests from ChunkAutoTune (906 ms total)
2026-09-29T06:32:20.7073366Z 
2026-09-29T06:32:20.7073479Z [----------] 1 test from DeterministicReduction
2026-09-29T06:32:20.7073858Z [ RUN      ] DeterministicReduction.SumDoubleStableAcrossThreads
2026-09-29T06:32:20.7074304Z [       OK ] DeterministicReduction.SumDoubleStableAcrossThreads (187 ms)
2026-09-29T06:32:20.7074719Z [----------] 1 test from DeterministicReduction (187 ms total)
2026-09-29T06:32:20.7074924Z 
2026-09-29T06:32:20.7075059Z [----------] 1 test from DifferentialKernelTest
2026-09-29T06:32:20.7075432Z [ RUN      ] DifferentialKernelTest.DriftBelowThreshold
2026-09-29T06:32:20.7075848Z [       OK ] DifferentialKernelTest.DriftBelowThreshold (0 ms)
2026-09-29T06:32:20.7076226Z [----------] 1 test from DifferentialKernelTest (0 ms total)
2026-09-29T06:32:20.7076479Z 
2026-09-29T06:32:20.7076574Z [----------] 5 tests from RobustFP
2026-09-29T06:32:20.7076857Z [ RUN      ] RobustFP.SafeRsqrtFinite
2026-09-29T06:32:20.7077164Z [       OK ] RobustFP.SafeRsqrtFinite (0 ms)
2026-09-29T06:32:20.7077538Z [ RUN      ] RobustFP.KahanImprovesSumULP
2026-09-29T06:32:20.7077866Z [       OK ] RobustFP.KahanImprovesSumULP (5 ms)
2026-09-29T06:32:20.7078216Z [ RUN      ] RobustFP.FloatReductionMixedPrecision
2026-09-29T06:32:20.7078575Z [       OK ] RobustFP.FloatReductionMixedPrecision (3 ms)
2026-09-29T06:32:20.7078936Z [ RUN      ] RobustFP.KahanFloatReduction
2026-09-29T06:32:20.7079249Z [       OK ] RobustFP.KahanFloatReduction (5 ms)
2026-09-29T06:32:20.7079627Z [ RUN      ] RobustFP.ShadowArithmeticDetectsInstability
2026-09-29T06:32:20.7080003Z [       OK ] RobustFP.ShadowArithmeticDetectsInstability (0 ms)
2026-09-29T06:32:20.7080385Z [----------] 5 tests from RobustFP (14 ms total)
2026-09-29T06:32:20.7080566Z 
2026-09-29T06:32:20.7080687Z [----------] 2 tests from BudgetMonitor
2026-09-29T06:32:20.7081602Z [ RUN      ] BudgetMonitor.GracefulDegradeTriggers
2026-09-29T06:32:20.7081927Z [       OK ] BudgetMonitor.GracefulDegradeTriggers (79 ms)
2026-09-29T06:32:20.7082230Z [ RUN      ] BudgetMonitor.TriggersCatchupWhenOverBudget
2026-09-29T06:32:20.7082549Z [       OK ] BudgetMonitor.TriggersCatchupWhenOverBudget (1282 ms)
2026-09-29T06:32:20.7082877Z [----------] 2 tests from BudgetMonitor (1362 ms total)
2026-09-29T06:32:20.7083056Z 
2026-09-29T06:32:20.7083135Z [----------] 1 test from FaultInjection
2026-09-29T06:32:20.7083417Z [ RUN      ] FaultInjection.RandomDelaysStillRun
2026-09-29T06:32:20.7083697Z [       OK ] FaultInjection.RandomDelaysStillRun (689 ms)
2026-09-29T06:32:20.7083972Z [----------] 1 test from FaultInjection (689 ms total)
2026-09-29T06:32:20.7084131Z 
2026-09-29T06:32:20.7084253Z [----------] 2 tests from SIMD
2026-09-29T06:32:20.7084477Z [ RUN      ] SIMD.SoAAxpy3MatchesScalar
2026-09-29T06:32:20.7084724Z [       OK ] SIMD.SoAAxpy3MatchesScalar (0 ms)
2026-09-29T06:32:20.7084987Z [ RUN      ] SIMD.AoSoAAxpy3MatchesSoA
2026-09-29T06:32:20.7085214Z N=1000 SoA=10us AoSoA=10us
2026-09-29T06:32:20.7085458Z N=10000 SoA=99us AoSoA=107us
2026-09-29T06:32:20.7085671Z N=100000 SoA=992us AoSoA=1039us
2026-09-29T06:32:20.7085883Z N=1000000 SoA=10106us AoSoA=10954us
2026-09-29T06:32:20.7086133Z [       OK ] SIMD.AoSoAAxpy3MatchesSoA (123 ms)
2026-09-29T06:32:20.7086482Z [----------] 2 tests from SIMD (124 ms total)
2026-09-29T06:32:20.7086646Z 
2026-09-29T06:32:20.7086731Z [----------] 1 test from AoSoA
2026-09-29T06:32:20.7087060Z [ RUN      ] AoSoA.AutotuneReturnsValidCandidate
2026-09-29T06:32:20.7087343Z [       OK ] AoSoA.AutotuneReturnsValidCandidate (0 ms)
2026-09-29T06:32:20.7087633Z [----------] 1 test from AoSoA (0 ms total)
2026-09-29T06:32:20.7087800Z 
2026-09-29T06:32:20.7087907Z [----------] 1 test from RtPool
2026-09-29T06:32:20.7088146Z [ RUN      ] RtPool.DeterministicBindingAndUse
2026-09-29T06:32:20.7088423Z [       OK ] RtPool.DeterministicBindingAndUse (0 ms)
2026-09-29T06:32:20.7088687Z [----------] 1 test from RtPool (0 ms total)
2026-09-29T06:32:20.7088869Z 
2026-09-29T06:32:20.7088949Z [----------] 3 tests from RtArena
2026-09-29T06:32:20.7089173Z [ RUN      ] RtArena.BasicAllocAndReset
2026-09-29T06:32:20.7089416Z [       OK ] RtArena.BasicAllocAndReset (0 ms)
2026-09-29T06:32:20.7089688Z [ RUN      ] RtArena.OverflowTriggersDegrade
2026-09-29T06:32:20.7089981Z [RtArena] overflow: req=200 avail=128 cap=256 off=128
2026-09-29T06:32:20.7090283Z [       OK ] RtArena.OverflowTriggersDegrade (0 ms)
2026-09-29T06:32:20.7090583Z [ RUN      ] RtArena.FaultInjectedFallbackFailsGracefully
2026-09-29T06:32:20.7090866Z [RtArena] overflow: req=256 avail=128 cap=128 off=0
2026-09-29T06:32:20.7091198Z [       OK ] RtArena.FaultInjectedFallbackFailsGracefully (0 ms)
2026-09-29T06:32:20.7091489Z [----------] 3 tests from RtArena (0 ms total)
2026-09-29T06:32:20.7091651Z 
2026-09-29T06:32:20.7091754Z [----------] 1 test from FrameArenaBindingAssert
2026-09-29T06:32:20.7092035Z [ RUN      ] FrameArenaBindingAssert.DeathBeforeBinding
2026-09-29T06:32:20.7092391Z D:\a\cpp-rt-car\cpp-rt-car\tests\test_arena_binding_assert.cpp(6): Skipped
2026-09-29T06:32:20.7092749Z Debug-only arena binding assert disabled in release builds
2026-09-29T06:32:20.7092919Z 
2026-09-29T06:32:20.7093077Z [  SKIPPED ] FrameArenaBindingAssert.DeathBeforeBinding (0 ms)
2026-09-29T06:32:20.7093416Z [----------] 1 test from FrameArenaBindingAssert (0 ms total)
2026-09-29T06:32:20.7093608Z 
2026-09-29T06:32:20.7093686Z [----------] 2 tests from FiberPool
2026-09-29T06:32:20.7093913Z [ RUN      ] FiberPool.FenceStormSimCore
2026-09-29T06:32:20.7094180Z [       OK ] FiberPool.FenceStormSimCore (186 ms)
2026-09-29T06:32:20.7094455Z [ RUN      ] FiberPool.FenceStressNoDuplicateResumes
2026-09-29T06:32:20.7094783Z [       OK ] FiberPool.FenceStressNoDuplicateResumes (656 ms)
2026-09-29T06:32:20.7095072Z [----------] 2 tests from FiberPool (842 ms total)
2026-09-29T06:32:20.7095219Z 
2026-09-29T06:32:20.7095392Z [----------] 1 test from BinaryTrace
2026-09-29T06:32:20.7095664Z [ RUN      ] BinaryTrace.RecordsPhasesAndChunks
2026-09-29T06:32:20.7095955Z [       OK ] BinaryTrace.RecordsPhasesAndChunks (187 ms)
2026-09-29T06:32:20.7096226Z [----------] 1 test from BinaryTrace (187 ms total)
2026-09-29T06:32:20.7096408Z 
2026-09-29T06:32:20.7096498Z [----------] 1 test from PredictiveAdaptive
2026-09-29T06:32:20.7096793Z [ RUN      ] PredictiveAdaptive.PrestepsReduceReactiveCatchup
2026-09-29T06:32:20.7097224Z D:\a\cpp-rt-car\cpp-rt-car\tests\test_predictive_adaptive.cpp(84): Skipped
2026-09-29T06:32:20.7097558Z Predictive scheduler had no headroom across samples
2026-09-29T06:32:20.7097714Z 
2026-09-29T06:32:20.7097893Z [  SKIPPED ] PredictiveAdaptive.PrestepsReduceReactiveCatchup (6410 ms)
2026-09-29T06:32:20.7098252Z [----------] 1 test from PredictiveAdaptive (6410 ms total)
2026-09-29T06:32:20.7098439Z 
2026-09-29T06:32:20.7098525Z [----------] 2 tests from SmallArrayBalance
2026-09-29T06:32:20.7098794Z [ RUN      ] SmallArrayBalance.SerialOnTinyArrays
2026-09-29T06:32:20.7099083Z [       OK ] SmallArrayBalance.SerialOnTinyArrays (93 ms)
2026-09-29T06:32:20.7099391Z [ RUN      ] SmallArrayBalance.ParallelWhenWorthIt
2026-09-29T06:32:20.7099688Z [       OK ] SmallArrayBalance.ParallelWhenWorthIt (94 ms)
2026-09-29T06:32:20.7100064Z [----------] 2 tests from SmallArrayBalance (188 ms total)
2026-09-29T06:32:20.7100211Z 
2026-09-29T06:32:20.7100339Z [----------] 1 test from PhaseTelemetry
2026-09-29T06:32:20.7100589Z [ RUN      ] PhaseTelemetry.EmitsMetrics
2026-09-29T06:32:20.7100837Z [       OK ] PhaseTelemetry.EmitsMetrics (108 ms)
2026-09-29T06:32:20.7101129Z [----------] 1 test from PhaseTelemetry (109 ms total)
2026-09-29T06:32:20.7101308Z 
2026-09-29T06:32:20.7101388Z [----------] 1 test from AlignedAllocator
2026-09-29T06:32:20.7101701Z [ RUN      ] AlignedAllocator.Allocates64ByteAligned
2026-09-29T06:32:20.7101998Z [       OK ] AlignedAllocator.Allocates64ByteAligned (0 ms)
2026-09-29T06:32:20.7102281Z [----------] 1 test from AlignedAllocator (0 ms total)
2026-09-29T06:32:20.7102439Z 
2026-09-29T06:32:20.7102558Z [----------] 2 tests from HighResClock
2026-09-29T06:32:20.7102808Z [ RUN      ] HighResClock.MonotonicMockedTSC
2026-09-29T06:32:20.7103070Z [       OK ] HighResClock.MonotonicMockedTSC (54 ms)
2026-09-29T06:32:20.7103350Z [ RUN      ] HighResClock.DriftDisablesTSC
2026-09-29T06:32:20.7103608Z [       OK ] HighResClock.DriftDisablesTSC (125 ms)
2026-09-29T06:32:20.7103916Z [----------] 2 tests from HighResClock (180 ms total)
2026-09-29T06:32:20.7104065Z 
2026-09-29T06:32:20.7104187Z [----------] 1 test from HighResClockIntegration
2026-09-29T06:32:20.7104465Z [ RUN      ] HighResClockIntegration.MonotonicSequence
2026-09-29T06:32:20.7104782Z [       OK ] HighResClockIntegration.MonotonicSequence (62 ms)
2026-09-29T06:32:20.7105163Z [----------] 1 test from HighResClockIntegration (62 ms total)
2026-09-29T06:32:20.7105436Z 
2026-09-29T06:32:20.7105582Z [----------] 2 tests from RateGovernor
2026-09-29T06:32:20.7105937Z [ RUN      ] RateGovernor.AdversarialBurstTriggersLadderAndRecovers
2026-09-29T06:32:20.7106370Z [       OK ] RateGovernor.AdversarialBurstTriggersLadderAndRecovers (0 ms)
2026-09-29T06:32:20.7106729Z [ RUN      ] RateGovernor.CountsEachBoundedRungOnce
2026-09-29T06:32:20.7107026Z [       OK ] RateGovernor.CountsEachBoundedRungOnce (0 ms)
2026-09-29T06:32:20.7107315Z [----------] 2 tests from RateGovernor (0 ms total)
2026-09-29T06:32:20.7107490Z 
2026-09-29T06:32:20.7107597Z [----------] 2 tests from HazardPointer
2026-09-29T06:32:20.7107842Z [ RUN      ] HazardPointer.StackCorrectness
2026-09-29T06:32:20.7108119Z [       OK ] HazardPointer.StackCorrectness (24 ms)
2026-09-29T06:32:20.7108440Z [ RUN      ] HazardPointer.SimultaneousGuardsRetainIndependentObjects
2026-09-29T06:32:20.7108835Z [       OK ] HazardPointer.SimultaneousGuardsRetainIndependentObjects (0 ms)
2026-09-29T06:32:20.7109184Z [----------] 2 tests from HazardPointer (24 ms total)
2026-09-29T06:32:20.7109456Z 
2026-09-29T06:32:20.7109534Z [----------] 4 tests from LockFreeQueue
2026-09-29T06:32:20.7109813Z [ RUN      ] LockFreeQueue.MultiProducerConsumer
2026-09-29T06:32:20.7110140Z [       OK ] LockFreeQueue.MultiProducerConsumer (1 ms)
2026-09-29T06:32:20.7110425Z [ RUN      ] LockFreeQueue.FifoEmptyAndReuse
2026-09-29T06:32:20.7110695Z [       OK ] LockFreeQueue.FifoEmptyAndReuse (0 ms)
2026-09-29T06:32:20.7111033Z [ RUN      ] LockFreeQueue.SimultaneousProducersConsumersDeliverEachValueOnce
2026-09-29T06:32:20.7111491Z [       OK ] LockFreeQueue.SimultaneousProducersConsumersDeliverEachValueOnce (13 ms)
2026-09-29T06:32:20.7111915Z [ RUN      ] LockFreeQueue.SuccessorLivesUntilInFlightValueCopyFinishes
2026-09-29T06:32:20.7112464Z [       OK ] LockFreeQueue.SuccessorLivesUntilInFlightValueCopyFinishes (0 ms)
2026-09-29T06:32:20.7112836Z [----------] 4 tests from LockFreeQueue (15 ms total)
2026-09-29T06:32:20.7113014Z 
2026-09-29T06:32:20.7113117Z [----------] 1 test from SeqLock
2026-09-29T06:32:20.7113356Z [ RUN      ] SeqLock.ConsistentReads
2026-09-29T06:32:20.7113597Z [       OK ] SeqLock.ConsistentReads (0 ms)
2026-09-29T06:32:20.7113840Z [----------] 1 test from SeqLock (0 ms total)
2026-09-29T06:32:20.7114016Z 
2026-09-29T06:32:20.7114093Z [----------] 1 test from TokenBucket
2026-09-29T06:32:20.7114414Z [ RUN      ] TokenBucket.RefillsOverTime
2026-09-29T06:32:20.7114677Z [       OK ] TokenBucket.RefillsOverTime (162 ms)
2026-09-29T06:32:20.7114949Z [----------] 1 test from TokenBucket (162 ms total)
2026-09-29T06:32:20.7115128Z 
2026-09-29T06:32:20.7115240Z [----------] 2 tests from PhysicsIntegrators
2026-09-29T06:32:20.7115518Z [ RUN      ] PhysicsIntegrators.EnergyInvariant
2026-09-29T06:32:20.7115798Z [       OK ] PhysicsIntegrators.EnergyInvariant (0 ms)
2026-09-29T06:32:20.7116094Z [ RUN      ] PhysicsIntegrators.StabilityDtSweep
2026-09-29T06:32:20.7116461Z [       OK ] PhysicsIntegrators.StabilityDtSweep (0 ms)
2026-09-29T06:32:20.7116811Z [----------] 2 tests from PhysicsIntegrators (0 ms total)
2026-09-29T06:32:20.7117068Z 
2026-09-29T06:32:20.7117167Z [----------] 1 test from ConstraintSolver
2026-09-29T06:32:20.7117480Z [ RUN      ] ConstraintSolver.WarmStartCaches
2026-09-29T06:32:20.7117872Z [       OK ] ConstraintSolver.WarmStartCaches (0 ms)
2026-09-29T06:32:20.7118237Z [----------] 1 test from ConstraintSolver (0 ms total)
2026-09-29T06:32:20.7118425Z 
2026-09-29T06:32:20.7118552Z [----------] 1 test from IslandManager
2026-09-29T06:32:20.7118893Z [ RUN      ] IslandManager.SleepingHeuristic
2026-09-29T06:32:20.7119229Z [       OK ] IslandManager.SleepingHeuristic (0 ms)
2026-09-29T06:32:20.7119562Z [----------] 1 test from IslandManager (0 ms total)
2026-09-29T06:32:20.7119826Z 
2026-09-29T06:32:20.7119928Z [----------] 1 test from NarrowPhase
2026-09-29T06:32:20.7120206Z [ RUN      ] NarrowPhase.ContactCaching
2026-09-29T06:32:20.7120567Z [       OK ] NarrowPhase.ContactCaching (0 ms)
2026-09-29T06:32:20.7120937Z [----------] 1 test from NarrowPhase (0 ms total)
2026-09-29T06:32:20.7121146Z 
2026-09-29T06:32:20.7121296Z [----------] 1 test from CollisionPipeline
2026-09-29T06:32:20.7121654Z [ RUN      ] CollisionPipeline.CCDHook
2026-09-29T06:32:20.7122009Z [       OK ] CollisionPipeline.CCDHook (0 ms)
2026-09-29T06:32:20.7122398Z [----------] 1 test from CollisionPipeline (0 ms total)
2026-09-29T06:32:20.7122646Z 
2026-09-29T06:32:20.7122742Z [----------] 3 tests from HAL
2026-09-29T06:32:20.7123062Z [ RUN      ] HAL.ThreadAndFence
2026-09-29T06:32:20.7123360Z [       OK ] HAL.ThreadAndFence (0 ms)
2026-09-29T06:32:20.7123670Z [ RUN      ] HAL.AllocFree
2026-09-29T06:32:20.7123959Z [       OK ] HAL.AllocFree (0 ms)
2026-09-29T06:32:20.7124259Z [ RUN      ] HAL.TimerElapsed
2026-09-29T06:32:20.7124542Z [       OK ] HAL.TimerElapsed (14 ms)
2026-09-29T06:32:20.7124887Z [----------] 3 tests from HAL (15 ms total)
2026-09-29T06:32:20.7125115Z 
2026-09-29T06:32:20.7125221Z [----------] 1 test from GPUStub
2026-09-29T06:32:20.7125700Z [ RUN      ] GPUStub.Overlap
2026-09-29T06:32:20.7126028Z [       OK ] GPUStub.Overlap (140 ms)
2026-09-29T06:32:20.7126406Z [----------] 1 test from GPUStub (140 ms total)
2026-09-29T06:32:20.7126638Z 
2026-09-29T06:32:20.7126792Z [----------] 1 test from GPUOverlap
2026-09-29T06:32:20.7127161Z [ RUN      ] GPUOverlap.FiberFenceAwaitYieldsWork
2026-09-29T06:32:20.7127592Z [       OK ] GPUOverlap.FiberFenceAwaitYieldsWork (109 ms)
2026-09-29T06:32:20.7127989Z [----------] 1 test from GPUOverlap (109 ms total)
2026-09-29T06:32:20.7128199Z 
2026-09-29T06:32:20.7128303Z [----------] 2 tests from FrameGraph
2026-09-29T06:32:20.7128634Z [ RUN      ] FrameGraph.TimelineAndResources
2026-09-29T06:32:20.7128942Z [       OK ] FrameGraph.TimelineAndResources (0 ms)
2026-09-29T06:32:20.7129297Z [ RUN      ] FrameGraph.MixedComputeStubs
2026-09-29T06:32:20.7129591Z [       OK ] FrameGraph.MixedComputeStubs (0 ms)
2026-09-29T06:32:20.7129860Z [----------] 2 tests from FrameGraph (1 ms total)
2026-09-29T06:32:20.7129999Z 
2026-09-29T06:32:20.7130122Z [----------] 1 test from Watchdog
2026-09-29T06:32:20.7130352Z [ RUN      ] Watchdog.TriggersCallback
2026-09-29T06:32:20.7130586Z [       OK ] Watchdog.TriggersCallback (92 ms)
2026-09-29T06:32:20.7130855Z [----------] 1 test from Watchdog (93 ms total)
2026-09-29T06:32:20.7131147Z 
2026-09-29T06:32:20.7131227Z [----------] 1 test from RtWatchdog
2026-09-29T06:32:20.7131497Z [ RUN      ] RtWatchdog.LimpModeOnStall
2026-09-29T06:32:20.7131751Z [       OK ] RtWatchdog.LimpModeOnStall (187 ms)
2026-09-29T06:32:20.7132009Z [----------] 1 test from RtWatchdog (187 ms total)
2026-09-29T06:32:20.7132161Z 
2026-09-29T06:32:20.7132280Z [----------] 1 test from CrashDump
2026-09-29T06:32:20.7132519Z [ RUN      ] CrashDump.WritesBacktrace
2026-09-29T06:32:20.7132805Z D:\a\cpp-rt-car\cpp-rt-car\tests\test_crashdump.cpp(9): Skipped
2026-09-29T06:32:20.7133109Z Crashdump not implemented on Windows
2026-09-29T06:32:20.7133264Z 
2026-09-29T06:32:20.7133365Z [  SKIPPED ] CrashDump.WritesBacktrace (0 ms)
2026-09-29T06:32:20.7133662Z [----------] 1 test from CrashDump (0 ms total)
2026-09-29T06:32:20.7133804Z 
2026-09-29T06:32:20.7133906Z [----------] 5 tests from Numerics
2026-09-29T06:32:20.7134138Z [ RUN      ] Numerics.InitFpEnvSetsTonearest
2026-09-29T06:32:20.7134414Z [       OK ] Numerics.InitFpEnvSetsTonearest (0 ms)
2026-09-29T06:32:20.7134671Z [ RUN      ] Numerics.FmaGateStable
2026-09-29T06:32:20.7134910Z [       OK ] Numerics.FmaGateStable (0 ms)
2026-09-29T06:32:20.7135166Z [ RUN      ] Numerics.InitFpEnvFlushesDenormals
2026-09-29T06:32:20.7135436Z [       OK ] Numerics.InitFpEnvFlushesDenormals (0 ms)
2026-09-29T06:32:20.7135748Z [ RUN      ] Numerics.FmaGateUlpStable
2026-09-29T06:32:20.7135994Z [       OK ] Numerics.FmaGateUlpStable (0 ms)
2026-09-29T06:32:20.7136260Z [ RUN      ] Numerics.FixedPointBasicOps
2026-09-29T06:32:20.7136515Z [       OK ] Numerics.FixedPointBasicOps (0 ms)
2026-09-29T06:32:20.7136774Z [----------] 5 tests from Numerics (0 ms total)
2026-09-29T06:32:20.7136958Z 
2026-09-29T06:32:20.7137040Z [----------] 2 tests from PRNGDeterminism
2026-09-29T06:32:20.7137294Z [ RUN      ] PRNGDeterminism.SameAcrossThreads
2026-09-29T06:32:20.7137689Z [       OK ] PRNGDeterminism.SameAcrossThreads (186 ms)
2026-09-29T06:32:20.7138046Z [ RUN      ] PRNGDeterminism.FmaOnOff
2026-09-29T06:32:20.7138383Z [       OK ] PRNGDeterminism.FmaOnOff (187 ms)
2026-09-29T06:32:20.7138897Z [----------] 2 tests from PRNGDeterminism (373 ms total)
2026-09-29T06:32:20.7139103Z 
2026-09-29T06:32:20.7139245Z [----------] 1 test from SnapshotRollback
2026-09-29T06:32:20.7139580Z [ RUN      ] SnapshotRollback.ReplayHashEquality
2026-09-29T06:32:20.7139972Z [       OK ] SnapshotRollback.ReplayHashEquality (1439 ms)
2026-09-29T06:32:20.7140392Z [----------] 1 test from SnapshotRollback (1439 ms total)
2026-09-29T06:32:20.7140642Z 
2026-09-29T06:32:20.7140772Z [----------] 2 tests from SnapshotLegacyReader
2026-09-29T06:32:20.7141836Z [ RUN      ] SnapshotLegacyReader.TruncatedScalarFailsClosed
2026-09-29T06:32:20.7142390Z [       OK ] SnapshotLegacyReader.TruncatedScalarFailsClosed (0 ms)
2026-09-29T06:32:20.7142912Z [ RUN      ] SnapshotLegacyReader.EncodedVectorLengthCannotForceAllocation
2026-09-29T06:32:20.7143485Z [       OK ] SnapshotLegacyReader.EncodedVectorLengthCannotForceAllocation (0 ms)
2026-09-29T06:32:20.7144021Z [----------] 2 tests from SnapshotLegacyReader (0 ms total)
2026-09-29T06:32:20.7144268Z 
2026-09-29T06:32:20.7144372Z [----------] 3 tests from TraceExport
2026-09-29T06:32:20.7144947Z [ RUN      ] TraceExport.GoldenJson
2026-09-29T06:32:20.7145311Z [       OK ] TraceExport.GoldenJson (0 ms)
2026-09-29T06:32:20.7145663Z [ RUN      ] TraceExport.GoldenEtw
2026-09-29T06:32:20.7145984Z [       OK ] TraceExport.GoldenEtw (0 ms)
2026-09-29T06:32:20.7146324Z [ RUN      ] TraceExport.GoldenEbpf
2026-09-29T06:32:20.7146643Z [       OK ] TraceExport.GoldenEbpf (0 ms)
2026-09-29T06:32:20.7147041Z [----------] 3 tests from TraceExport (0 ms total)
2026-09-29T06:32:20.7147265Z 
2026-09-29T06:32:20.7147363Z [----------] 17 tests from TraceNoAlloc
2026-09-29T06:32:20.7147730Z [ RUN      ] TraceNoAlloc.LogHotPathDoesNotAllocate
2026-09-29T06:32:20.7148169Z [       OK ] TraceNoAlloc.LogHotPathDoesNotAllocate (0 ms)
2026-09-29T06:32:20.7148788Z [ RUN      ] TraceNoAlloc.CompiledGraphFirstFrameDoesNotAllocate
2026-09-29T06:32:20.7149308Z [       OK ] TraceNoAlloc.CompiledGraphFirstFrameDoesNotAllocate (2 ms)
2026-09-29T06:32:20.7149794Z [ RUN      ] TraceNoAlloc.CheckpointAndInputCodecDoNotAllocate
2026-09-29T06:32:20.7150157Z [       OK ] TraceNoAlloc.CheckpointAndInputCodecDoNotAllocate (0 ms)
2026-09-29T06:32:20.7150838Z [ RUN      ] TraceNoAlloc.CompleteCpuFramesDoNotAllocate
2026-09-29T06:32:20.7151170Z [       OK ] TraceNoAlloc.CompleteCpuFramesDoNotAllocate (3 ms)
2026-09-29T06:32:20.7151504Z [ RUN      ] TraceNoAlloc.StaticCompleteCpuFramesDoNotAllocate
2026-09-29T06:32:20.7151915Z [       OK ] TraceNoAlloc.StaticCompleteCpuFramesDoNotAllocate (3 ms)
2026-09-29T06:32:20.7152341Z [ RUN      ] TraceNoAlloc.ProviderBackedCompleteCpuFramesDoNotAllocate
2026-09-29T06:32:20.7152727Z [       OK ] TraceNoAlloc.ProviderBackedCompleteCpuFramesDoNotAllocate (3 ms)
2026-09-29T06:32:20.7153118Z [ RUN      ] TraceNoAlloc.CompleteDeviceFramesDoNotAllocate
2026-09-29T06:32:20.7153453Z [       OK ] TraceNoAlloc.CompleteDeviceFramesDoNotAllocate (0 ms)
2026-09-29T06:32:20.7153819Z [ RUN      ] TraceNoAlloc.ProviderBackedCompleteDeviceFramesDoNotAllocate
2026-09-29T06:32:20.7154242Z [       OK ] TraceNoAlloc.ProviderBackedCompleteDeviceFramesDoNotAllocate (0 ms)
2026-09-29T06:32:20.7154644Z [ RUN      ] TraceNoAlloc.RatePlanCompleteDeviceFramesDoNotAllocate
2026-09-29T06:32:20.7155059Z [       OK ] TraceNoAlloc.RatePlanCompleteDeviceFramesDoNotAllocate (0 ms)
2026-09-29T06:32:20.7155450Z [ RUN      ] TraceNoAlloc.NativeHalV2FramesAndStopDoNotAllocateAfterStart
2026-09-29T06:32:20.7155861Z [       OK ] TraceNoAlloc.NativeHalV2FramesAndStopDoNotAllocateAfterStart (0 ms)
2026-09-29T06:32:20.7156302Z [ RUN      ] TraceNoAlloc.HeterogeneousInspectorsHealthAndStopDoNotAllocate
2026-09-29T06:32:20.7156725Z [       OK ] TraceNoAlloc.HeterogeneousInspectorsHealthAndStopDoNotAllocate (0 ms)
2026-09-29T06:32:20.7157160Z [ RUN      ] TraceNoAlloc.CudaSubmitAndPollDoNotAllocateAfterInitialization
2026-09-29T06:32:20.7157580Z [       OK ] TraceNoAlloc.CudaSubmitAndPollDoNotAllocateAfterInitialization (0 ms)
2026-09-29T06:32:20.7158042Z [ RUN      ] TraceNoAlloc.RatePlanInspectionAndCpuFramesDoNotAllocateCrossRate
2026-09-29T06:32:20.7158490Z [       OK ] TraceNoAlloc.RatePlanInspectionAndCpuFramesDoNotAllocateCrossRate (0 ms)
2026-09-29T06:32:20.7158912Z [ RUN      ] TraceNoAlloc.RateDispatchOnTimeAndLateDegradeDoNotAllocate
2026-09-29T06:32:20.7159321Z [       OK ] TraceNoAlloc.RateDispatchOnTimeAndLateDegradeDoNotAllocate (0 ms)
2026-09-29T06:32:20.7160511Z [ RUN      ] TraceNoAlloc.RateTelemetryShedRecoverInspectAndStopDoNotAllocate
2026-09-29T06:32:20.7160960Z [       OK ] TraceNoAlloc.RateTelemetryShedRecoverInspectAndStopDoNotAllocate (0 ms)
2026-09-29T06:32:20.7161414Z [ RUN      ] TraceNoAlloc.ExtensionExecuteInspectStopAndDetachDoNotAllocate
2026-09-29T06:32:20.7161837Z [       OK ] TraceNoAlloc.ExtensionExecuteInspectStopAndDetachDoNotAllocate (0 ms)
2026-09-29T06:32:20.7162341Z [ RUN      ] TraceNoAlloc.LiveControlAdmissionSettlementInspectionAndStopDoNotAllocate
2026-09-29T06:32:20.7162840Z [       OK ] TraceNoAlloc.LiveControlAdmissionSettlementInspectionAndStopDoNotAllocate (1 ms)
2026-09-29T06:32:20.7163237Z [----------] 17 tests from TraceNoAlloc (22 ms total)
2026-09-29T06:32:20.7163434Z 
2026-09-29T06:32:20.7163529Z [----------] 6 tests from ExtensionRegistration
2026-09-29T06:32:20.7163856Z [ RUN      ] ExtensionRegistration.CFixtureUsesDirectEntryAndOrdinaryGraph
2026-09-29T06:32:20.7164279Z [       OK ] ExtensionRegistration.CFixtureUsesDirectEntryAndOrdinaryGraph (0 ms)
2026-09-29T06:32:20.7164720Z [ RUN      ] ExtensionRegistration.MalformedLateOutputAndExceptionAreAtomic
2026-09-29T06:32:20.7165166Z [       OK ] ExtensionRegistration.MalformedLateOutputAndExceptionAreAtomic (0 ms)
2026-09-29T06:32:20.7165608Z [ RUN      ] ExtensionRegistration.NegotiationAndMalformedRecordsFailClosed
2026-09-29T06:32:20.7166116Z [       OK ] ExtensionRegistration.NegotiationAndMalformedRecordsFailClosed (0 ms)
2026-09-29T06:32:20.7166544Z [ RUN      ] ExtensionRegistration.FailedProvisionalGenerationCannotBeReused
2026-09-29T06:32:20.7166989Z [       OK ] ExtensionRegistration.FailedProvisionalGenerationCannotBeReused (0 ms)
2026-09-29T06:32:20.7167430Z [ RUN      ] ExtensionRegistration.ExistingNameAndCapacityConflictsStayAtomic
2026-09-29T06:32:20.7167916Z [       OK ] ExtensionRegistration.ExistingNameAndCapacityConflictsStayAtomic (0 ms)
2026-09-29T06:32:20.7168383Z [ RUN      ] ExtensionRegistration.AllocationFailurePublishesNothingAndRecovers
2026-09-29T06:32:20.7168826Z [       OK ] ExtensionRegistration.AllocationFailurePublishesNothingAndRecovers (0 ms)
2026-09-29T06:32:20.7169223Z [----------] 6 tests from ExtensionRegistration (1 ms total)
2026-09-29T06:32:20.7169388Z 
2026-09-29T06:32:20.7169504Z [----------] 1 test from Units
2026-09-29T06:32:20.7169731Z [ RUN      ] Units.Addition
2026-09-29T06:32:20.7169947Z [       OK ] Units.Addition (0 ms)
2026-09-29T06:32:20.7170167Z [----------] 1 test from Units (0 ms total)
2026-09-29T06:32:20.7170352Z 
2026-09-29T06:32:20.7170439Z [----------] 1 test from MemoryDiscipline
2026-09-29T06:32:20.7170732Z [ RUN      ] MemoryDiscipline.HugePagesAndPrefetch
2026-09-29T06:32:20.7171032Z [       OK ] MemoryDiscipline.HugePagesAndPrefetch (0 ms)
2026-09-29T06:32:20.7171320Z [----------] 1 test from MemoryDiscipline (0 ms total)
2026-09-29T06:32:20.7171472Z 
2026-09-29T06:32:20.7171573Z [----------] 1 test from ThermalMonitor
2026-09-29T06:32:20.7171853Z [ RUN      ] ThermalMonitor.LimpRungReducesSubsteps
2026-09-29T06:32:20.7172161Z [       OK ] ThermalMonitor.LimpRungReducesSubsteps (85 ms)
2026-09-29T06:32:20.7172452Z [----------] 1 test from ThermalMonitor (85 ms total)
2026-09-29T06:32:20.7172646Z 
2026-09-29T06:32:20.7172748Z [----------] 1 test from LimpMode
2026-09-29T06:32:20.7172984Z [ RUN      ] LimpMode.DisablesNonEssentialFeatures
2026-09-29T06:32:20.7173292Z [       OK ] LimpMode.DisablesNonEssentialFeatures (78 ms)
2026-09-29T06:32:20.7173578Z [----------] 1 test from LimpMode (78 ms total)
2026-09-29T06:32:20.7173720Z 
2026-09-29T06:32:20.7173828Z [----------] 1 test from ConfigHotReload
2026-09-29T06:32:20.7174086Z [ RUN      ] ConfigHotReload.ReloadsUpdatedFile
2026-09-29T06:32:20.7174371Z [       OK ] ConfigHotReload.ReloadsUpdatedFile (2016 ms)
2026-09-29T06:32:20.7174665Z [----------] 1 test from ConfigHotReload (2016 ms total)
2026-09-29T06:32:20.7174841Z 
2026-09-29T06:32:20.7174947Z [----------] 2 tests from PluginManager
2026-09-29T06:32:20.7175182Z [ RUN      ] PluginManager.LoadAndUnload
2026-09-29T06:32:20.7175509Z [       OK ] PluginManager.LoadAndUnload (0 ms)
2026-09-29T06:32:20.7175777Z [ RUN      ] PluginManager.VersionMismatch
2026-09-29T06:32:20.7176043Z [       OK ] PluginManager.VersionMismatch (0 ms)
2026-09-29T06:32:20.7176321Z [----------] 2 tests from PluginManager (1 ms total)
2026-09-29T06:32:20.7176500Z 
2026-09-29T06:32:20.7176566Z [----------] 1 test from Sandbox
2026-09-29T06:32:20.7176807Z [ RUN      ] Sandbox.EnableSandbox
2026-09-29T06:32:20.7177174Z D:\a\cpp-rt-car\cpp-rt-car\tests\test_sandbox.cpp(27): Skipped
2026-09-29T06:32:20.7177576Z Sandbox not implemented for this platform
2026-09-29T06:32:20.7177762Z 
2026-09-29T06:32:20.7177945Z [  SKIPPED ] Sandbox.EnableSandbox (0 ms)
2026-09-29T06:32:20.7178250Z [----------] 1 test from Sandbox (0 ms total)
2026-09-29T06:32:20.7178433Z 
2026-09-29T06:32:20.7178578Z [----------] 1 test from Minidump
2026-09-29T06:32:20.7178844Z [ RUN      ] Minidump.WritesSymbolPaths
2026-09-29T06:32:20.7179151Z D:\a\cpp-rt-car\cpp-rt-car\tests\test_minidump_symbols.cpp(18): Skipped
2026-09-29T06:32:20.7179478Z Minidump symbol paths unsupported on Windows
2026-09-29T06:32:20.7179655Z 
2026-09-29T06:32:20.7179774Z [  SKIPPED ] Minidump.WritesSymbolPaths (0 ms)
2026-09-29T06:32:20.7180056Z [----------] 1 test from Minidump (0 ms total)
2026-09-29T06:32:20.7180295Z 
2026-09-29T06:32:20.7180410Z [----------] 1 test from ReproBuild
2026-09-29T06:32:20.7180679Z [ RUN      ] ReproBuild.StoresArtifactWithHash
2026-09-29T06:32:20.7180965Z [       OK ] ReproBuild.StoresArtifactWithHash (95 ms)
2026-09-29T06:32:20.7181249Z [----------] 1 test from ReproBuild (95 ms total)
2026-09-29T06:32:20.7181420Z 
2026-09-29T06:32:20.7181508Z [----------] 2 tests from Scheduler
2026-09-29T06:32:20.7181741Z [ RUN      ] Scheduler.EDFvsFixedFrame
2026-09-29T06:32:20.7182014Z [       OK ] Scheduler.EDFvsFixedFrame (0 ms)
2026-09-29T06:32:20.7182288Z [ RUN      ] Scheduler.AgingPreventsStarvation
2026-09-29T06:32:20.7182561Z [       OK ] Scheduler.AgingPreventsStarvation (0 ms)
2026-09-29T06:32:20.7182837Z [----------] 2 tests from Scheduler (0 ms total)
2026-09-29T06:32:20.7182981Z 
2026-09-29T06:32:20.7183090Z [----------] 10 tests from HostRuntime
2026-09-29T06:32:20.7183393Z [ RUN      ] HostRuntime.CrossRatePlanDoesNotChangeHostOrPeriodicDispatch
2026-09-29T06:32:20.7183827Z [       OK ] HostRuntime.CrossRatePlanDoesNotChangeHostOrPeriodicDispatch (0 ms)
2026-09-29T06:32:20.7184239Z [ RUN      ] HostRuntime.CrossRatePlanPreservesCompleteMockDeviceDispatch
2026-09-29T06:32:20.7184731Z [       OK ] HostRuntime.CrossRatePlanPreservesCompleteMockDeviceDispatch (0 ms)
2026-09-29T06:32:20.7185148Z [ RUN      ] HostRuntime.ReportsOnlyCompletedTargetPathCapabilities
2026-09-29T06:32:20.7185522Z [       OK ] HostRuntime.ReportsOnlyCompletedTargetPathCapabilities (0 ms)
2026-09-29T06:32:20.7185921Z [ RUN      ] HostRuntime.EnforcesLifecycleAndExecutesHostContext
2026-09-29T06:32:20.7186284Z [       OK ] HostRuntime.EnforcesLifecycleAndExecutesHostContext (2 ms)
2026-09-29T06:32:20.7186637Z [ RUN      ] HostRuntime.StrictConfigurationKeysMapToBehavior
2026-09-29T06:32:20.7187069Z [       OK ] HostRuntime.StrictConfigurationKeysMapToBehavior (0 ms)
2026-09-29T06:32:20.7187403Z [ RUN      ] HostRuntime.HostDrivenStepDoesNotPace
2026-09-29T06:32:20.7187736Z [       OK ] HostRuntime.HostDrivenStepDoesNotPace (1 ms)
2026-09-29T06:32:20.7188073Z [ RUN      ] HostRuntime.InstancesIsolateClockTraceNumericsAndScratch
2026-09-29T06:32:20.7188463Z [       OK ] HostRuntime.InstancesIsolateClockTraceNumericsAndScratch (3 ms)
2026-09-29T06:32:20.7188850Z [ RUN      ] HostRuntime.CallbackFailureIsContainedAndFailFast
2026-09-29T06:32:20.7189193Z [       OK ] HostRuntime.CallbackFailureIsContainedAndFailFast (1 ms)
2026-09-29T06:32:20.7189547Z [ RUN      ] HostRuntime.CallbackExceptionsDoNotCrossBoundary
2026-09-29T06:32:20.7189940Z [       OK ] HostRuntime.CallbackExceptionsDoNotCrossBoundary (1 ms)
2026-09-29T06:32:20.7190529Z [ RUN      ] HostRuntime.RejectsStopFromInsideCallback
2026-09-29T06:32:20.7190851Z [       OK ] HostRuntime.RejectsStopFromInsideCallback (1 ms)
2026-09-29T06:32:20.7191151Z [----------] 10 tests from HostRuntime (15 ms total)
2026-09-29T06:32:20.7191291Z 
2026-09-29T06:32:20.7191424Z [----------] 7 tests from PeriodicRuntime
2026-09-29T06:32:20.7191745Z [ RUN      ] PeriodicRuntime.UsesAbsoluteEpochBasedReleasesAndDeadlines
2026-09-29T06:32:20.7192138Z [       OK ] PeriodicRuntime.UsesAbsoluteEpochBasedReleasesAndDeadlines (0 ms)
2026-09-29T06:32:20.7192598Z [ RUN      ] PeriodicRuntime.LateFramesDoNotShiftTheReleaseEpoch
2026-09-29T06:32:20.7193089Z [       OK ] PeriodicRuntime.LateFramesDoNotShiftTheReleaseEpoch (0 ms)
2026-09-29T06:32:20.7193578Z [ RUN      ] PeriodicRuntime.WatchdogIsOneShotAndDegradesOnTheFrameThread
2026-09-29T06:32:20.7194126Z [       OK ] PeriodicRuntime.WatchdogIsOneShotAndDegradesOnTheFrameThread (0 ms)
2026-09-29T06:32:20.7194643Z [ RUN      ] PeriodicRuntime.WatchdogServiceDetectsExpiryWithoutRuntimeClockAdvance
2026-09-29T06:32:20.7195138Z [       OK ] PeriodicRuntime.WatchdogServiceDetectsExpiryWithoutRuntimeClockAdvance (9 ms)
2026-09-29T06:32:20.7195626Z [ RUN      ] PeriodicRuntime.PropagatesClockFailureWithoutExecutingAFrame
2026-09-29T06:32:20.7196065Z [       OK ] PeriodicRuntime.PropagatesClockFailureWithoutExecutingAFrame (0 ms)
2026-09-29T06:32:20.7196847Z [ RUN      ] PeriodicRuntime.RejectsInvalidAndOverflowingSchedules
2026-09-29T06:32:20.7197366Z [       OK ] PeriodicRuntime.RejectsInvalidAndOverflowingSchedules (0 ms)
2026-09-29T06:32:20.7197874Z [ RUN      ] PeriodicRuntime.RateTelemetrySummaryAndInspectionBoundaryAreExact
2026-09-29T06:32:20.7198607Z [       OK ] PeriodicRuntime.RateTelemetrySummaryAndInspectionBoundaryAreExact (0 ms)
2026-09-29T06:32:20.7199332Z [----------] 7 tests from PeriodicRuntime (13 ms total)
2026-09-29T06:32:20.7199705Z 
2026-09-29T06:32:20.7199878Z [----------] 4 tests from PlatformPreflight
2026-09-29T06:32:20.7200316Z [ RUN      ] PlatformPreflight.StrictModePassesOnlyACompleteUniqueReport
2026-09-29T06:32:20.7200878Z [       OK ] PlatformPreflight.StrictModePassesOnlyACompleteUniqueReport (1 ms)
2026-09-29T06:32:20.7201527Z [ RUN      ] PlatformPreflight.StrictFailureIsReportedBeforeWorkersStart
2026-09-29T06:32:20.7202154Z [       OK ] PlatformPreflight.StrictFailureIsReportedBeforeWorkersStart (1 ms)
2026-09-29T06:32:20.7202895Z [ RUN      ] PlatformPreflight.DuplicatePrerequisiteCannotPassStrictMode
2026-09-29T06:32:20.7203500Z [       OK ] PlatformPreflight.DuplicatePrerequisiteCannotPassStrictMode (1 ms)
2026-09-29T06:32:20.7204296Z [ RUN      ] PlatformPreflight.DisabledModeDoesNotProbeOrMutateTheHost
2026-09-29T06:32:20.7205006Z [       OK ] PlatformPreflight.DisabledModeDoesNotProbeOrMutateTheHost (1 ms)
2026-09-29T06:32:20.7205702Z [----------] 4 tests from PlatformPreflight (6 ms total)
2026-09-29T06:32:20.7206131Z 
2026-09-29T06:32:20.7206338Z [----------] 8 tests from CompiledGraph
2026-09-29T06:32:20.7206952Z [ RUN      ] CompiledGraph.CompilesAndExecutesDeterministicDependencyOrder
2026-09-29T06:32:20.7207773Z [       OK ] CompiledGraph.CompilesAndExecutesDeterministicDependencyOrder (1 ms)
2026-09-29T06:32:20.7208413Z [ RUN      ] CompiledGraph.RejectsCyclesBeforeStartWithPhaseDiagnostic
2026-09-29T06:32:20.7209118Z [       OK ] CompiledGraph.RejectsCyclesBeforeStartWithPhaseDiagnostic (0 ms)
2026-09-29T06:32:20.7209819Z [ RUN      ] CompiledGraph.RejectsInvalidAndForeignHandles
2026-09-29T06:32:20.7210443Z [       OK ] CompiledGraph.RejectsInvalidAndForeignHandles (0 ms)
2026-09-29T06:32:20.7211181Z [ RUN      ] CompiledGraph.RequiresDependencyPathsForConflictingResourceAccess
2026-09-29T06:32:20.7211936Z [       OK ] CompiledGraph.RequiresDependencyPathsForConflictingResourceAccess (1 ms)
2026-09-29T06:32:20.7212624Z [ RUN      ] CompiledGraph.AllowsUnorderedReadersAndRejectsDuplicateDeclarations
2026-09-29T06:32:20.7213370Z [       OK ] CompiledGraph.AllowsUnorderedReadersAndRejectsDuplicateDeclarations (1 ms)
2026-09-29T06:32:20.7214293Z [ RUN      ] CompiledGraph.OrdersWriteWriteConflictsExplicitly
2026-09-29T06:32:20.7214898Z [       OK ] CompiledGraph.OrdersWriteWriteConflictsExplicitly (1 ms)
2026-09-29T06:32:20.7215571Z [ RUN      ] CompiledGraph.FreezesEveryTopologyMutationAtFinalization
2026-09-29T06:32:20.7216159Z [       OK ] CompiledGraph.FreezesEveryTopologyMutationAtFinalization (1 ms)
2026-09-29T06:32:20.7216789Z [ RUN      ] CompiledGraph.RandomizedDagsAgreeWithReferenceExecutor
2026-09-29T06:32:20.7217427Z [       OK ] CompiledGraph.RandomizedDagsAgreeWithReferenceExecutor (175 ms)
2026-09-29T06:32:20.7218082Z [----------] 8 tests from CompiledGraph (183 ms total)
2026-09-29T06:32:20.7218287Z 
2026-09-29T06:32:20.7218503Z [----------] 6 tests from UnifiedExecutor
2026-09-29T06:32:20.7218942Z [ RUN      ] UnifiedExecutor.StaticAssignmentMetadataAndExecutionAreStable
2026-09-29T06:32:20.7219550Z [       OK ] UnifiedExecutor.StaticAssignmentMetadataAndExecutionAreStable (3 ms)
2026-09-29T06:32:20.7220151Z [ RUN      ] UnifiedExecutor.QueueFullSubmissionReturnsWithinBound
2026-09-29T06:32:20.7220750Z [       OK ] UnifiedExecutor.QueueFullSubmissionReturnsWithinBound (1 ms)
2026-09-29T06:32:20.7221427Z [ RUN      ] UnifiedExecutor.FailFrameEscalatesIgnoredQueueRejection
2026-09-29T06:32:20.7221994Z [       OK ] UnifiedExecutor.FailFrameEscalatesIgnoredQueueRejection (0 ms)
2026-09-29T06:32:20.7222780Z [ RUN      ] UnifiedExecutor.IndependentNestedWorkPassesStaticStress
2026-09-29T06:32:20.7223304Z [       OK ] UnifiedExecutor.IndependentNestedWorkPassesStaticStress (7 ms)
2026-09-29T06:32:20.7224011Z [ RUN      ] UnifiedExecutor.ThroughputUsesLocalQueuesAndSuccessfulSteals
2026-09-29T06:32:20.7224732Z [       OK ] UnifiedExecutor.ThroughputUsesLocalQueuesAndSuccessfulSteals (9 ms)
2026-09-29T06:32:20.7225298Z [ RUN      ] UnifiedExecutor.RejectsInvalidOrUndersizedQueuePlans
2026-09-29T06:32:20.7225892Z [       OK ] UnifiedExecutor.RejectsInvalidOrUndersizedQueuePlans (0 ms)
2026-09-29T06:32:20.7226377Z [----------] 6 tests from UnifiedExecutor (23 ms total)
2026-09-29T06:32:20.7226611Z 
2026-09-29T06:32:20.7226773Z [----------] 12 tests from MemoryPlan
2026-09-29T06:32:20.7227205Z [ RUN      ] MemoryPlan.CpuMemoryPolicyTwoRuntimeReportsAreIsolated
2026-09-29T06:32:20.7227754Z [       OK ] MemoryPlan.CpuMemoryPolicyTwoRuntimeReportsAreIsolated (3 ms)
2026-09-29T06:32:20.7228327Z [ RUN      ] MemoryPlan.CrossRateStorageIsExactlyInsideRateAndRuntimeControl
2026-09-29T06:32:20.7228940Z [       OK ] MemoryPlan.CrossRateStorageIsExactlyInsideRateAndRuntimeControl (3 ms)
2026-09-29T06:32:20.7229495Z [ RUN      ] MemoryPlan.ExtensionStorageIsAccountedInExistingControlRows
2026-09-29T06:32:20.7230126Z [       OK ] MemoryPlan.ExtensionStorageIsAccountedInExistingControlRows (0 ms)
2026-09-29T06:32:20.7230747Z [ RUN      ] MemoryPlan.HeterogeneousPayloadBytesRemainExternalAndControlIsExact
2026-09-29T06:32:20.7231446Z [       OK ] MemoryPlan.HeterogeneousPayloadBytesRemainExternalAndControlIsExact (0 ms)
2026-09-29T06:32:20.7232011Z [ RUN      ] MemoryPlan.ExactControlExtentLedgerRejectsMalformedInventories
2026-09-29T06:32:20.7232534Z [       OK ] MemoryPlan.ExactControlExtentLedgerRejectsMalformedInventories (0 ms)
2026-09-29T06:32:20.7233083Z [ RUN      ] MemoryPlan.FinalizedPlanMatchesConfigurationAndAlignment
2026-09-29T06:32:20.7233623Z [       OK ] MemoryPlan.FinalizedPlanMatchesConfigurationAndAlignment (0 ms)
2026-09-29T06:32:20.7234167Z [ RUN      ] MemoryPlan.NestedExecutionContextsOwnDistinctScratch
2026-09-29T06:32:20.7234625Z [       OK ] MemoryPlan.NestedExecutionContextsOwnDistinctScratch (0 ms)
2026-09-29T06:32:20.7235136Z [ RUN      ] MemoryPlan.RejectSubmissionReportsScratchExhaustion
2026-09-29T06:32:20.7235597Z [       OK ] MemoryPlan.RejectSubmissionReportsScratchExhaustion (0 ms)
2026-09-29T06:32:20.7236021Z [ RUN      ] MemoryPlan.FailFrameEscalatesIgnoredScratchExhaustion
2026-09-29T06:32:20.7236665Z [       OK ] MemoryPlan.FailFrameEscalatesIgnoredScratchExhaustion (0 ms)
2026-09-29T06:32:20.7237194Z [ RUN      ] MemoryPlan.RejectsInvalidOrUndersizedPlans
2026-09-29T06:32:20.7237603Z [       OK ] MemoryPlan.RejectsInvalidOrUndersizedPlans (0 ms)
2026-09-29T06:32:20.7238140Z [ RUN      ] MemoryPlan.RateTelemetryIsInsideRuntimeControlExactlyOnce
2026-09-29T06:32:20.7238695Z [       OK ] MemoryPlan.RateTelemetryIsInsideRuntimeControlExactlyOnce (0 ms)
2026-09-29T06:32:20.7239364Z [ RUN      ] MemoryPlan.RateStorageIsExactlyInsideRuntimeControl
2026-09-29T06:32:20.7240044Z [       OK ] MemoryPlan.RateStorageIsExactlyInsideRuntimeControl (3 ms)
2026-09-29T06:32:20.7240538Z [----------] 12 tests from MemoryPlan (13 ms total)
2026-09-29T06:32:20.7240816Z 
2026-09-29T06:32:20.7240962Z [----------] 8 tests from Observability
2026-09-29T06:32:20.7241377Z [ RUN      ] Observability.MetadataCarriesStableProvenance
2026-09-29T06:32:20.7241875Z [       OK ] Observability.MetadataCarriesStableProvenance (1 ms)
2026-09-29T06:32:20.7242409Z [ RUN      ] Observability.IntervalWindowsPartitionCumulativeCounters
2026-09-29T06:32:20.7242964Z [       OK ] Observability.IntervalWindowsPartitionCumulativeCounters (0 ms)
2026-09-29T06:32:20.7243515Z [ RUN      ] Observability.TraceCursorReportsOverwriteLossExactly
2026-09-29T06:32:20.7244029Z [       OK ] Observability.TraceCursorReportsOverwriteLossExactly (0 ms)
2026-09-29T06:32:20.7244739Z [ RUN      ] Observability.RuntimeInstancesRejectForeignCursors
2026-09-29T06:32:20.7245264Z [       OK ] Observability.RuntimeInstancesRejectForeignCursors (1 ms)
2026-09-29T06:32:20.7245798Z [ RUN      ] Observability.JsonExportIncludesSchemaAndIdentifiers
2026-09-29T06:32:20.7246370Z [       OK ] Observability.JsonExportIncludesSchemaAndIdentifiers (0 ms)
2026-09-29T06:32:20.7246853Z [ RUN      ] Observability.RejectsMalformedFreshCursors
2026-09-29T06:32:20.7247267Z [       OK ] Observability.RejectsMalformedFreshCursors (0 ms)
2026-09-29T06:32:20.7247790Z [ RUN      ] Observability.JsonExportCommitsCursorsOnlyAfterSuccess
2026-09-29T06:32:20.7248324Z [       OK ] Observability.JsonExportCommitsCursorsOnlyAfterSuccess (0 ms)
2026-09-29T06:32:20.7248818Z [ RUN      ] Observability.ContendedRingDropsInsteadOfWaiting
2026-09-29T06:32:20.7249356Z [       OK ] Observability.ContendedRingDropsInsteadOfWaiting (1 ms)
2026-09-29T06:32:20.7249796Z [----------] 8 tests from Observability (6 ms total)
2026-09-29T06:32:20.7250022Z 
2026-09-29T06:32:20.7250248Z [----------] 15 tests from DeterminismReplay
2026-09-29T06:32:20.7250710Z [ RUN      ] DeterminismReplay.CrossRateIdentityCoversEverySemanticAndInitialByte
2026-09-29T06:32:20.7251369Z [       OK ] DeterminismReplay.CrossRateIdentityCoversEverySemanticAndInitialByte (14 ms)
2026-09-29T06:32:20.7252014Z [ RUN      ] DeterminismReplay.D1RegisteredStateMatchesAcrossWorkerCounts
2026-09-29T06:32:20.7252592Z [       OK ] DeterminismReplay.D1RegisteredStateMatchesAcrossWorkerCounts (2 ms)
2026-09-29T06:32:20.7253184Z [ RUN      ] DeterminismReplay.D1CheckpointTransfersAcrossWorkerCounts
2026-09-29T06:32:20.7253758Z [       OK ] DeterminismReplay.D1CheckpointTransfersAcrossWorkerCounts (1 ms)
2026-09-29T06:32:20.7254333Z [ RUN      ] DeterminismReplay.D0RequiresExactResolvedConfiguration
2026-09-29T06:32:20.7254869Z [       OK ] DeterminismReplay.D0RequiresExactResolvedConfiguration (1 ms)
2026-09-29T06:32:20.7255425Z [ RUN      ] DeterminismReplay.CheckpointAndInputLogReproduceState
2026-09-29T06:32:20.7255968Z [       OK ] DeterminismReplay.CheckpointAndInputLogReproduceState (1 ms)
2026-09-29T06:32:20.7256505Z [ RUN      ] DeterminismReplay.CorruptCheckpointNeverMutatesState
2026-09-29T06:32:20.7257007Z [       OK ] DeterminismReplay.CorruptCheckpointNeverMutatesState (0 ms)
2026-09-29T06:32:20.7257558Z [ RUN      ] DeterminismReplay.ForeignStateSchemaAndGraphAreRejected
2026-09-29T06:32:20.7258128Z [       OK ] DeterminismReplay.ForeignStateSchemaAndGraphAreRejected (1 ms)
2026-09-29T06:32:20.7258694Z [ RUN      ] DeterminismReplay.InvalidInputLogIsRejectedBeforeRestore
2026-09-29T06:32:20.7259448Z [       OK ] DeterminismReplay.InvalidInputLogIsRejectedBeforeRestore (0 ms)
2026-09-29T06:32:20.7259974Z [ RUN      ] DeterminismReplay.ParserMutationCorpusStaysBounded
2026-09-29T06:32:20.7260521Z [       OK ] DeterminismReplay.ParserMutationCorpusStaysBounded (4 ms)
2026-09-29T06:32:20.7261064Z [ RUN      ] DeterminismReplay.D1RejectsTimingAndThroughputPolicies
2026-09-29T06:32:20.7261557Z [       OK ] DeterminismReplay.D1RejectsTimingAndThroughputPolicies (0 ms)
2026-09-29T06:32:20.7262125Z [ RUN      ] DeterminismReplay.StateAndArtifactStorageMustNotOverlap
2026-09-29T06:32:20.7262689Z [       OK ] DeterminismReplay.StateAndArtifactStorageMustNotOverlap (1 ms)
2026-09-29T06:32:20.7263246Z [ RUN      ] DeterminismReplay.InputLogRequiresStrictFrameOrder
2026-09-29T06:32:20.7263726Z [       OK ] DeterminismReplay.InputLogRequiresStrictFrameOrder (0 ms)
2026-09-29T06:32:20.7264278Z [ RUN      ] DeterminismReplay.ExtensionSemanticsParticipateWithoutPointers
2026-09-29T06:32:20.7264894Z [       OK ] DeterminismReplay.ExtensionSemanticsParticipateWithoutPointers (0 ms)
2026-09-29T06:32:20.7265523Z [ RUN      ] DeterminismReplay.HeterogeneousRegistrationIdentityIsSemanticOnly
2026-09-29T06:32:20.7266162Z [       OK ] DeterminismReplay.HeterogeneousRegistrationIdentityIsSemanticOnly (0 ms)
2026-09-29T06:32:20.7267063Z [ RUN      ] DeterminismReplay.RateIdentityRejectsSemanticallyDifferentPlanTransactionally
2026-09-29T06:32:20.7267801Z [       OK ] DeterminismReplay.RateIdentityRejectsSemanticallyDifferentPlanTransactionally (3 ms)
2026-09-29T06:32:20.7268402Z [----------] 15 tests from DeterminismReplay (35 ms total)
2026-09-29T06:32:20.7268634Z 
2026-09-29T06:32:20.7268803Z [----------] 14 tests from DeviceRuntime
2026-09-29T06:32:20.7269317Z [ RUN      ] DeviceRuntime.FailedTeardownRetainsOwnershipAndRetriesOnlyPendingWork
2026-09-29T06:32:20.7269991Z [       OK ] DeviceRuntime.FailedTeardownRetainsOwnershipAndRetriesOnlyPendingWork (0 ms)
2026-09-29T06:32:20.7270629Z [ RUN      ] DeviceRuntime.FailedStartRollbackRemainsRecoverableThroughStop
2026-09-29T06:32:20.7271278Z [       OK ] DeviceRuntime.FailedStartRollbackRemainsRecoverableThroughStop (0 ms)
2026-09-29T06:32:20.7271856Z [ RUN      ] DeviceRuntime.FailedInitializeWithoutOwnershipCanRestart
2026-09-29T06:32:20.7272395Z [       OK ] DeviceRuntime.FailedInitializeWithoutOwnershipCanRestart (1 ms)
2026-09-29T06:32:20.7272958Z [ RUN      ] DeviceRuntime.FailedRegistrationRollbackRemainsRecoverable
2026-09-29T06:32:20.7273519Z [       OK ] DeviceRuntime.FailedRegistrationRollbackRemainsRecoverable (0 ms)
2026-09-29T06:32:20.7274159Z [ RUN      ] DeviceRuntime.DeviceServicePolicyFailureRollsBackMemoryAfterJoinAndRetries
2026-09-29T06:32:20.7274851Z [       OK ] DeviceRuntime.DeviceServicePolicyFailureRollsBackMemoryAfterJoinAndRetries (1 ms)
2026-09-29T06:32:20.7275589Z [ RUN      ] DeviceRuntime.DeviceStackCleanupFailureDefersRollbackAndRetriesOnOwner
2026-09-29T06:32:20.7276197Z [       OK ] DeviceRuntime.DeviceStackCleanupFailureDefersRollbackAndRetriesOnOwner (0 ms)
2026-09-29T06:32:20.7276757Z [ RUN      ] DeviceRuntime.UnresolvedStackCleanupDestructionFailsClosed
2026-09-29T06:32:20.7277257Z [       OK ] DeviceRuntime.UnresolvedStackCleanupDestructionFailsClosed (0 ms)
2026-09-29T06:32:20.7277790Z [ RUN      ] DeviceRuntime.DelayedCompletionReleasesOnlyDependentSuccessors
2026-09-29T06:32:20.7278343Z [       OK ] DeviceRuntime.DelayedCompletionReleasesOnlyDependentSuccessors (52 ms)
2026-09-29T06:32:20.7278900Z [ RUN      ] DeviceRuntime.ConcurrentSubmissionsPreserveCausalPublication
2026-09-29T06:32:20.7279424Z [       OK ] DeviceRuntime.ConcurrentSubmissionsPreserveCausalPublication (3 ms)
2026-09-29T06:32:20.7279956Z [ RUN      ] DeviceRuntime.FaultsMapToStableRuntimeStatuses
2026-09-29T06:32:20.7280375Z [       OK ] DeviceRuntime.FaultsMapToStableRuntimeStatuses (1 ms)
2026-09-29T06:32:20.7280813Z [ RUN      ] DeviceRuntime.RejectsMalformedTablesAndAccountsMemory
2026-09-29T06:32:20.7281401Z [       OK ] DeviceRuntime.RejectsMalformedTablesAndAccountsMemory (0 ms)
2026-09-29T06:32:20.7281853Z [ RUN      ] DeviceRuntime.D1RejectsUndeclaredDeterministicBackend
2026-09-29T06:32:20.7282319Z [       OK ] DeviceRuntime.D1RejectsUndeclaredDeterministicBackend (0 ms)
2026-09-29T06:32:20.7282783Z [ RUN      ] DeviceRuntime.CrossInstanceDeviceStateIsIsolated
2026-09-29T06:32:20.7283313Z [       OK ] DeviceRuntime.CrossInstanceDeviceStateIsIsolated (1 ms)
2026-09-29T06:32:20.7283772Z [ RUN      ] DeviceRuntime.DestructionShutsBackendDown
2026-09-29T06:32:20.7284228Z [       OK ] DeviceRuntime.DestructionShutsBackendDown (0 ms)
2026-09-29T06:32:20.7284667Z [----------] 14 tests from DeviceRuntime (65 ms total)
2026-09-29T06:32:20.7284920Z 
2026-09-29T06:32:20.7285049Z [----------] 1 test from DeviceMock
2026-09-29T06:32:20.7285471Z [ RUN      ] DeviceMock.BoundedQueueSaturatesWithoutBlocking
2026-09-29T06:32:20.7285983Z [       OK ] DeviceMock.BoundedQueueSaturatesWithoutBlocking (0 ms)
2026-09-29T06:32:20.7286464Z [----------] 1 test from DeviceMock (0 ms total)
2026-09-29T06:32:20.7286705Z 
2026-09-29T06:32:20.7286902Z [----------] 30 tests from CudaBackend
2026-09-29T06:32:20.7287461Z [ RUN      ] CudaBackend.RejectsMalformedDriverAndSetup
2026-09-29T06:32:20.7287879Z [       OK ] CudaBackend.RejectsMalformedDriverAndSetup (0 ms)
2026-09-29T06:32:20.7288678Z [ RUN      ] CudaBackend.FailedInitializeCleanupRetriesOnlyUnresolvedEvents
2026-09-29T06:32:20.7289282Z [       OK ] CudaBackend.FailedInitializeCleanupRetriesOnlyUnresolvedEvents (0 ms)
2026-09-29T06:32:20.7289874Z [ RUN      ] CudaBackend.FailedInitializePopRequiresCleanupBeforeReuse
2026-09-29T06:32:20.7290465Z [       OK ] CudaBackend.FailedInitializePopRequiresCleanupBeforeReuse (0 ms)
2026-09-29T06:32:20.7291114Z [ RUN      ] CudaBackend.BoundedQueueSaturatesAndTimeoutQuarantinesUntilReady
2026-09-29T06:32:20.7291768Z [       OK ] CudaBackend.BoundedQueueSaturatesAndTimeoutQuarantinesUntilReady (0 ms)
2026-09-29T06:32:20.7292359Z [ RUN      ] CudaBackend.CopiesLaunchesKernelAndReturnsDeviceData
2026-09-29T06:32:20.7292882Z [       OK ] CudaBackend.CopiesLaunchesKernelAndReturnsDeviceData (0 ms)
2026-09-29T06:32:20.7293404Z [ RUN      ] CudaBackend.DeviceCopyAndMemsetValidateAndPreserveRanges
2026-09-29T06:32:20.7293958Z [       OK ] CudaBackend.DeviceCopyAndMemsetValidateAndPreserveRanges (0 ms)
2026-09-29T06:32:20.7294513Z [ RUN      ] CudaBackend.ExternalDeviceBindingRetainsCallerOwnership
2026-09-29T06:32:20.7295013Z [       OK ] CudaBackend.ExternalDeviceBindingRetainsCallerOwnership (0 ms)
2026-09-29T06:32:20.7295625Z [ RUN      ] CudaBackend.FailedRegistrationRetainsOwnershipForShutdown
2026-09-29T06:32:20.7296136Z [       OK ] CudaBackend.FailedRegistrationRetainsOwnershipForShutdown (0 ms)
2026-09-29T06:32:20.7296622Z [ RUN      ] CudaBackend.FailedEnqueueIsQuarantinedAndResetDrainsIt
2026-09-29T06:32:20.7297106Z [       OK ] CudaBackend.FailedEnqueueIsQuarantinedAndResetDrainsIt (0 ms)
2026-09-29T06:32:20.7297592Z [ RUN      ] CudaBackend.QueryFailureRequiresSuccessfulDrainBeforeReuse
2026-09-29T06:32:20.7298038Z [       OK ] CudaBackend.QueryFailureRequiresSuccessfulDrainBeforeReuse (0 ms)
2026-09-29T06:32:20.7298571Z [ RUN      ] CudaBackend.ShutdownDrainsOutstandingWorkBeforeFreeingBuffers
2026-09-29T06:32:20.7299198Z [       OK ] CudaBackend.ShutdownDrainsOutstandingWorkBeforeFreeingBuffers (0 ms)
2026-09-29T06:32:20.7299791Z [ RUN      ] CudaBackend.FailedShutdownRetainsResourcesAndCanBeRetried
2026-09-29T06:32:20.7300351Z [       OK ] CudaBackend.FailedShutdownRetainsResourcesAndCanBeRetried (0 ms)
2026-09-29T06:32:20.7301533Z [ RUN      ] CudaBackend.ContextLossCompletesAsLostAndCannotSoftReset
2026-09-29T06:32:20.7302103Z [       OK ] CudaBackend.ContextLossCompletesAsLostAndCannotSoftReset (0 ms)
2026-09-29T06:32:20.7302707Z [ RUN      ] CudaBackend.ConcurrentSubmissionsStayWithinFixedCapacity
2026-09-29T06:32:20.7303305Z [       OK ] CudaBackend.ConcurrentSubmissionsStayWithinFixedCapacity (0 ms)
2026-09-29T06:32:20.7304029Z [ RUN      ] CudaBackend.RuntimeGraphAcceptsCandidateBackendAtD0
2026-09-29T06:32:20.7304564Z [       OK ] CudaBackend.RuntimeGraphAcceptsCandidateBackendAtD0 (0 ms)
2026-09-29T06:32:20.7305039Z [ RUN      ] CudaBackend.DriverVersionsPreserveV1PrefixAndRequireCompleteV2
2026-09-29T06:32:20.7305712Z [       OK ] CudaBackend.DriverVersionsPreserveV1PrefixAndRequireCompleteV2 (0 ms)
2026-09-29T06:32:20.7306178Z [ RUN      ] CudaBackend.GraphRegistryIsBoundedUniqueCopiedAndFrozen
2026-09-29T06:32:20.7306690Z [       OK ] CudaBackend.GraphRegistryIsBoundedUniqueCopiedAndFrozen (0 ms)
2026-09-29T06:32:20.7307174Z [ RUN      ] CudaBackend.NativeRegistrationDiscoversTruthfulStagedMemory
2026-09-29T06:32:20.7307792Z [       OK ] CudaBackend.NativeRegistrationDiscoversTruthfulStagedMemory (0 ms)
2026-09-29T06:32:20.7308366Z [ RUN      ] CudaBackend.NativeStagedDomainDoesNotInventPinningWhenDisabled
2026-09-29T06:32:20.7308988Z [       OK ] CudaBackend.NativeStagedDomainDoesNotInventPinningWhenDisabled (0 ms)
2026-09-29T06:32:20.7309458Z [ RUN      ] CudaBackend.NativeGraphBatchExecutesCopyGraphCopyThenOneEvent
2026-09-29T06:32:20.7309991Z [       OK ] CudaBackend.NativeGraphBatchExecutesCopyGraphCopyThenOneEvent (0 ms)
2026-09-29T06:32:20.7310479Z [ RUN      ] CudaBackend.NativeGraphRejectsUnknownBindingAndLegacyBufferBeforeLaunch
2026-09-29T06:32:20.7311052Z [       OK ] CudaBackend.NativeGraphRejectsUnknownBindingAndLegacyBufferBeforeLaunch (0 ms)
2026-09-29T06:32:20.7311478Z [ RUN      ] CudaBackend.NativePathRejectsDuplicateDeviceV1Use
2026-09-29T06:32:20.7311808Z [       OK ] CudaBackend.NativePathRejectsDuplicateDeviceV1Use (0 ms)
2026-09-29T06:32:20.7312177Z [ RUN      ] CudaBackend.NativeGraphFailureQuarantinesUntilReset
2026-09-29T06:32:20.7312547Z [       OK ] CudaBackend.NativeGraphFailureQuarantinesUntilReset (0 ms)
2026-09-29T06:32:20.7313003Z [ RUN      ] CudaBackend.NativeGraphTimeoutRetainsUntilEventReadyAndStopIsIdempotent
2026-09-29T06:32:20.7313475Z [       OK ] CudaBackend.NativeGraphTimeoutRetainsUntilEventReadyAndStopIsIdempotent (0 ms)
2026-09-29T06:32:20.7313932Z [ RUN      ] CudaBackend.StoppedHalV2PendingUnregisterRetiresExactlyOnceAndRetries
2026-09-29T06:32:20.7314403Z [       OK ] CudaBackend.StoppedHalV2PendingUnregisterRetiresExactlyOnceAndRetries (0 ms)
2026-09-29T06:32:20.7314956Z [ RUN      ] CudaBackend.StoppedHalV2QuarantineAndLossRetainOnFailedSynchronization
2026-09-29T06:32:20.7315533Z [       OK ] CudaBackend.StoppedHalV2QuarantineAndLossRetainOnFailedSynchronization (0 ms)
2026-09-29T06:32:20.7316019Z [ RUN      ] CudaBackend.StoppedHalV2RuntimePipelineRetiresPendingAndLostBuffers
2026-09-29T06:32:20.7316483Z [       OK ] CudaBackend.StoppedHalV2RuntimePipelineRetiresPendingAndLostBuffers (10015 ms)
2026-09-29T06:32:20.7316993Z [ RUN      ] CudaBackend.StoppedHalV2UncertainRegistrationRollsBackAbsentOrResidualOwnership
2026-09-29T06:32:20.7317532Z [       OK ] CudaBackend.StoppedHalV2UncertainRegistrationRollsBackAbsentOrResidualOwnership (0 ms)
2026-09-29T06:32:20.7318020Z [ RUN      ] CudaBackend.StoppedHalV2ZeroTokenCannotReleaseSuccessfulRegistration
2026-09-29T06:32:20.7318480Z [       OK ] CudaBackend.StoppedHalV2ZeroTokenCannotReleaseSuccessfulRegistration (0 ms)
2026-09-29T06:32:20.7318933Z [ RUN      ] CudaBackend.StoppedHalV2RuntimeStartupFailureReleasesUncertainMemory
2026-09-29T06:32:20.7319394Z [       OK ] CudaBackend.StoppedHalV2RuntimeStartupFailureReleasesUncertainMemory (6 ms)
2026-09-29T06:32:20.7319798Z [----------] 30 tests from CudaBackend (10023 ms total)
2026-09-29T06:32:20.7319950Z 
2026-09-29T06:32:20.7320053Z [----------] 7 tests from VendorHalV2
2026-09-29T06:32:20.7320330Z [ RUN      ] VendorHalV2.ExistingDeviceAbiV1SurfaceRemainsExact
2026-09-29T06:32:20.7320672Z [       OK ] VendorHalV2.ExistingDeviceAbiV1SurfaceRemainsExact (0 ms)
2026-09-29T06:32:20.7321066Z [ RUN      ] VendorHalV2.ExistingConfigurationDefaultsRemainSourceCompatible
2026-09-29T06:32:20.7321575Z [       OK ] VendorHalV2.ExistingConfigurationDefaultsRemainSourceCompatible (0 ms)
2026-09-29T06:32:20.7322024Z [ RUN      ] VendorHalV2.VersionOnePositionalAggregatePrefixesRemainUsable
2026-09-29T06:32:20.7322475Z [       OK ] VendorHalV2.VersionOnePositionalAggregatePrefixesRemainUsable (0 ms)
2026-09-29T06:32:20.7322886Z [ RUN      ] VendorHalV2.XdmaControlHelpersEncodeStableLittleEndianCommands
2026-09-29T06:32:20.7323299Z [       OK ] VendorHalV2.XdmaControlHelpersEncodeStableLittleEndianCommands (0 ms)
2026-09-29T06:32:20.7323712Z [ RUN      ] VendorHalV2.CudaNativeRegistrationSuppliesAllFrozenHalTables
2026-09-29T06:32:20.7324104Z [       OK ] VendorHalV2.CudaNativeRegistrationSuppliesAllFrozenHalTables (0 ms)
2026-09-29T06:32:20.7324520Z [ RUN      ] VendorHalV2.XdmaNativeRegistrationSuppliesAllFrozenHalTables
2026-09-29T06:32:20.7324919Z [       OK ] VendorHalV2.XdmaNativeRegistrationSuppliesAllFrozenHalTables (0 ms)
2026-09-29T06:32:20.7325346Z [ RUN      ] VendorHalV2.NativeRuntimeRegistrationDiscoversBothCandidates
2026-09-29T06:32:20.7325742Z [       OK ] VendorHalV2.NativeRuntimeRegistrationDiscoversBothCandidates (0 ms)
2026-09-29T06:32:20.7326074Z [----------] 7 tests from VendorHalV2 (1 ms total)
2026-09-29T06:32:20.7326225Z 
2026-09-29T06:32:20.7326346Z [----------] 1 test from RTPipeline
2026-09-29T06:32:20.7326578Z [ RUN      ] RTPipeline.EndToEndSmokeTest
2026-09-29T06:32:20.7326899Z [       OK ] RTPipeline.EndToEndSmokeTest (4696 ms)
2026-09-29T06:32:20.7327179Z [----------] 1 test from RTPipeline (4696 ms total)
2026-09-29T06:32:20.7327353Z 
2026-09-29T06:32:20.7327433Z [----------] 1 test from PlatformGate
2026-09-29T06:32:20.7327705Z [ RUN      ] PlatformGate.EmitsTraceCrumb
2026-09-29T06:32:20.7327958Z [       OK ] PlatformGate.EmitsTraceCrumb (0 ms)
2026-09-29T06:32:20.7328213Z [----------] 1 test from PlatformGate (0 ms total)
2026-09-29T06:32:20.7328365Z 
2026-09-29T06:32:20.7328488Z [----------] 1 test from DeterminismIntegration
2026-09-29T06:32:20.7328884Z [ RUN      ] DeterminismIntegration.SnapshotReplayMatchesGolden
2026-09-29T06:32:20.7329250Z Final pos0=1.99474
2026-09-29T06:32:20.7329462Z Final pos0=1.99474
2026-09-29T06:32:20.7329635Z Final pos0=1.99474
2026-09-29T06:32:20.7329921Z [       OK ] DeterminismIntegration.SnapshotReplayMatchesGolden (3234 ms)
2026-09-29T06:32:20.7330291Z [----------] 1 test from DeterminismIntegration (3234 ms total)
2026-09-29T06:32:20.7330450Z 
2026-09-29T06:32:20.7330571Z [----------] 1 test from ExtensionAbi
2026-09-29T06:32:20.7330851Z [ RUN      ] ExtensionAbi.VersionOneLayoutsAndConstantsAreFixed
2026-09-29T06:32:20.7331179Z [       OK ] ExtensionAbi.VersionOneLayoutsAndConstantsAreFixed (0 ms)
2026-09-29T06:32:20.7331505Z [----------] 1 test from ExtensionAbi (0 ms total)
2026-09-29T06:32:20.7331673Z 
2026-09-29T06:32:20.7331758Z [----------] 5 tests from ExtensionLifecycle
2026-09-29T06:32:20.7332122Z [ RUN      ] ExtensionLifecycle.ServicesBackendsRetryDetachAndStaleHandles
2026-09-29T06:32:20.7332579Z [       OK ] ExtensionLifecycle.ServicesBackendsRetryDetachAndStaleHandles (1 ms)
2026-09-29T06:32:20.7332950Z [ RUN      ] ExtensionLifecycle.OwnersAndGenerationsAreRuntimeLocal
2026-09-29T06:32:20.7333332Z [       OK ] ExtensionLifecycle.OwnersAndGenerationsAreRuntimeLocal (0 ms)
2026-09-29T06:32:20.7333712Z [ RUN      ] ExtensionLifecycle.ServiceStartupFailureRollsBackAndRecovers
2026-09-29T06:32:20.7334112Z [       OK ] ExtensionLifecycle.ServiceStartupFailureRollsBackAndRecovers (0 ms)
2026-09-29T06:32:20.7334552Z [ RUN      ] ExtensionLifecycle.RequestStopFailureRetainsFirstErrorAndRetriesOwner
2026-09-29T06:32:20.7335016Z [       OK ] ExtensionLifecycle.RequestStopFailureRetainsFirstErrorAndRetriesOwner (0 ms)
2026-09-29T06:32:20.7335512Z [ RUN      ] ExtensionLifecycle.ServiceShutdownFailureRetriesOnlyUnresolvedOwner
2026-09-29T06:32:20.7335962Z [       OK ] ExtensionLifecycle.ServiceShutdownFailureRetriesOnlyUnresolvedOwner (0 ms)
2026-09-29T06:32:20.7336341Z [----------] 5 tests from ExtensionLifecycle (4 ms total)
2026-09-29T06:32:20.7336596Z 
2026-09-29T06:32:20.7336709Z [----------] 38 tests from CommandBatch
2026-09-29T06:32:20.7336992Z [ RUN      ] CommandBatch.GraphPublicationObservesRetiredBatch
2026-09-29T06:32:20.7337347Z [       OK ] CommandBatch.GraphPublicationObservesRetiredBatch (0 ms)
2026-09-29T06:32:20.7337716Z [ RUN      ] CommandBatch.GraphPublicationCannotRetireTheNextOccupant
2026-09-29T06:32:20.7338083Z [       OK ] CommandBatch.GraphPublicationCannotRetireTheNextOccupant (0 ms)
2026-09-29T06:32:20.7338504Z [ RUN      ] CommandBatch.RetirementCapturesMetadataBeforeSlotReuse
2026-09-29T06:32:20.7338869Z [       OK ] CommandBatch.RetirementCapturesMetadataBeforeSlotReuse (0 ms)
2026-09-29T06:32:20.7339255Z [ RUN      ] CommandBatch.PreviouslyReleasedGraphStillRetiresOnce
2026-09-29T06:32:20.7339610Z [       OK ] CommandBatch.PreviouslyReleasedGraphStillRetiresOnce (0 ms)
2026-09-29T06:32:20.7340015Z [ RUN      ] CommandBatch.NotificationAfterEmptySelectionDoesNotParkWithQueuedWork
2026-09-29T06:32:20.7340482Z [       OK ] CommandBatch.NotificationAfterEmptySelectionDoesNotParkWithQueuedWork (0 ms)
2026-09-29T06:32:20.7340879Z [ RUN      ] CommandBatch.SubmissionSelectionAndStopDoNotPark
2026-09-29T06:32:20.7341243Z [       OK ] CommandBatch.SubmissionSelectionAndStopDoNotPark (0 ms)
2026-09-29T06:32:20.7341712Z [ RUN      ] CommandBatch.PublicConstantsLayoutsDefaultsAndAggregatePrefixAreExact
2026-09-29T06:32:20.7342158Z [       OK ] CommandBatch.PublicConstantsLayoutsDefaultsAndAggregatePrefixAreExact (0 ms)
2026-09-29T06:32:20.7342651Z [ RUN      ] CommandBatch.DeviceRateModelCompilesInspectsAccountsAndStarts
2026-09-29T06:32:20.7343059Z [       OK ] CommandBatch.DeviceRateModelCompilesInspectsAccountsAndStarts (1 ms)
2026-09-29T06:32:20.7343584Z [ RUN      ] CommandBatch.CpuToDeviceCrossRatePayloadIsCopiedBeforeProvider
2026-09-29T06:32:20.7344081Z [       OK ] CommandBatch.CpuToDeviceCrossRatePayloadIsCopiedBeforeProvider (1 ms)
2026-09-29T06:32:20.7344533Z [ RUN      ] CommandBatch.DeviceToCpuCrossRatePayloadPublishesOnlyOnCompletion
2026-09-29T06:32:20.7344983Z [       OK ] CommandBatch.DeviceToCpuCrossRatePayloadPublishesOnlyOnCompletion (1 ms)
2026-09-29T06:32:20.7345413Z [ RUN      ] CommandBatch.ActiveRateDispatchOverlapsIndependentDeviceReleases
2026-09-29T06:32:20.7345836Z [       OK ] CommandBatch.ActiveRateDispatchOverlapsIndependentDeviceReleases (1 ms)
2026-09-29T06:32:20.7346306Z [ RUN      ] CommandBatch.ActiveRateTimeoutIsCanceledOnceAndLateCompletionIsQuarantined
2026-09-29T06:32:20.7346796Z [       OK ] CommandBatch.ActiveRateTimeoutIsCanceledOnceAndLateCompletionIsQuarantined (6 ms)
2026-09-29T06:32:20.7347258Z [ RUN      ] CommandBatch.DeviceRateBindingRejectsLegacyAndSupportsCorrection
2026-09-29T06:32:20.7347714Z [       OK ] CommandBatch.DeviceRateBindingRejectsLegacyAndSupportsCorrection (0 ms)
2026-09-29T06:32:20.7348151Z [ RUN      ] CommandBatch.DeviceRateIdentityIsCanonicalAndIncludesAdmissionPolicy
2026-09-29T06:32:20.7348616Z [       OK ] CommandBatch.DeviceRateIdentityIsCanonicalAndIncludesAdmissionPolicy (0 ms)
2026-09-29T06:32:20.7349051Z [ RUN      ] CommandBatch.ExtensionDiscoveryRejectsMalformedAndPartialResults
2026-09-29T06:32:20.7349484Z [       OK ] CommandBatch.ExtensionDiscoveryRejectsMalformedAndPartialResults (0 ms)
2026-09-29T06:32:20.7349952Z [ RUN      ] CommandBatch.CapabilityDiscoverySeedsExactHeaderRejectsMalformedAndRetriesCleanly
2026-09-29T06:32:20.7350477Z [       OK ] CommandBatch.CapabilityDiscoverySeedsExactHeaderRejectsMalformedAndRetriesCleanly (1 ms)
2026-09-29T06:32:20.7351016Z [ RUN      ] CommandBatch.TimelineRegistrationIsBoundedFrozenAndInstanceIsolated
2026-09-29T06:32:20.7351449Z [       OK ] CommandBatch.TimelineRegistrationIsBoundedFrozenAndInstanceIsolated (0 ms)
2026-09-29T06:32:20.7351896Z [ RUN      ] CommandBatch.ResourceBoundsRejectSeventeenthTimelineAndNinthPhase
2026-09-29T06:32:20.7352328Z [       OK ] CommandBatch.ResourceBoundsRejectSeventeenthTimelineAndNinthPhase (0 ms)
2026-09-29T06:32:20.7352799Z [ RUN      ] CommandBatch.DispatchCompletesOnSubmissionAndServiceLanes
2026-09-29T06:32:20.7353199Z [       OK ] CommandBatch.DispatchCompletesOnSubmissionAndServiceLanes (1 ms)
2026-09-29T06:32:20.7353623Z [ RUN      ] CommandBatch.RepeatedSubmissionLifecyclesKeepIndependentOwnersDrained
2026-09-29T06:32:20.7354123Z [       OK ] CommandBatch.RepeatedSubmissionLifecyclesKeepIndependentOwnersDrained (44 ms)
2026-09-29T06:32:20.7354554Z [ RUN      ] CommandBatch.PriorAcceptedWaitMayAdvanceTheSameTimeline
2026-09-29T06:32:20.7354923Z [       OK ] CommandBatch.PriorAcceptedWaitMayAdvanceTheSameTimeline (1 ms)
2026-09-29T06:32:20.7355342Z [ RUN      ] CommandBatch.SubmitErrorsAndExceptionsProduceOneTerminalResult
2026-09-29T06:32:20.7355761Z [       OK ] CommandBatch.SubmitErrorsAndExceptionsProduceOneTerminalResult (1 ms)
2026-09-29T06:32:20.7356204Z [ RUN      ] CommandBatch.ProviderAndCompletionFailuresAreTerminalWithoutPublication
2026-09-29T06:32:20.7356884Z [       OK ] CommandBatch.ProviderAndCompletionFailuresAreTerminalWithoutPublication (1 ms)
2026-09-29T06:32:20.7357554Z [ RUN      ] CommandBatch.TimeoutCancelsAndBlockedSubmitIsReleasedByStopRequest
2026-09-29T06:32:20.7358107Z [       OK ] CommandBatch.TimeoutCancelsAndBlockedSubmitIsReleasedByStopRequest (3 ms)
2026-09-29T06:32:20.7358565Z [ RUN      ] CommandBatch.SaturationAcceptsOnlyTheFixedPrefixWithoutRetryOrSpill
2026-09-29T06:32:20.7359668Z [       OK ] CommandBatch.SaturationAcceptsOnlyTheFixedPrefixWithoutRetryOrSpill (10 ms)
2026-09-29T06:32:20.7360270Z [ RUN      ] CommandBatch.ExplicitFlushAndInvalidateOrderIsRequiredAndPreserved
2026-09-29T06:32:20.7360717Z [       OK ] CommandBatch.ExplicitFlushAndInvalidateOrderIsRequiredAndPreserved (1 ms)
2026-09-29T06:32:20.7361159Z [ RUN      ] CommandBatch.ActiveSubmitFailureRetiresWhileTimeoutLaneObserves
2026-09-29T06:32:20.7361589Z [       OK ] CommandBatch.ActiveSubmitFailureRetiresWhileTimeoutLaneObserves (63 ms)
2026-09-29T06:32:20.7362023Z [ RUN      ] CommandBatch.SimulationHostDelayPreservesLogicalBudget
2026-09-29T06:32:20.7362402Z [       OK ] CommandBatch.SimulationHostDelayPreservesLogicalBudget (30 ms)
2026-09-29T06:32:20.7362811Z [ RUN      ] CommandBatch.SimulationDefaultPathNegativeControlRetainsWallDeadline
2026-09-29T06:32:20.7363310Z [       OK ] CommandBatch.SimulationDefaultPathNegativeControlRetainsWallDeadline (1 ms)
2026-09-29T06:32:20.7363725Z [ RUN      ] CommandBatch.SimulationFrozenClockStillHasFiniteWatchdog
2026-09-29T06:32:20.7364090Z [       OK ] CommandBatch.SimulationFrozenClockStillHasFiniteWatchdog (50 ms)
2026-09-29T06:32:20.7364503Z [ RUN      ] CommandBatch.SimulationLogicalExpiryCannotPublishLateCompletion
2026-09-29T06:32:20.7364946Z [       OK ] CommandBatch.SimulationLogicalExpiryCannotPublishLateCompletion (2 ms)
2026-09-29T06:32:20.7365386Z [ RUN      ] CommandBatch.SimulationSubmittingAndEarlyCompletionRetainOwnership
2026-09-29T06:32:20.7365821Z [       OK ] CommandBatch.SimulationSubmittingAndEarlyCompletionRetainOwnership (101 ms)
2026-09-29T06:32:20.7366234Z [ RUN      ] CommandBatch.SimulationCleanupFailuresKeepOwnershipForRetry
2026-09-29T06:32:20.7366644Z [       OK ] CommandBatch.SimulationCleanupFailuresKeepOwnershipForRetry (51 ms)
2026-09-29T06:32:20.7367062Z [ RUN      ] CommandBatch.SimulationPolicyValidationReplacementAndFrozenMutation
2026-09-29T06:32:20.7367494Z [       OK ] CommandBatch.SimulationPolicyValidationReplacementAndFrozenMutation (0 ms)
2026-09-29T06:32:20.7367925Z [ RUN      ] CommandBatch.SimulationNativeCapabilityCannotOptIn
2026-09-29T06:32:20.7368262Z [       OK ] CommandBatch.SimulationNativeCapabilityCannotOptIn (0 ms)
2026-09-29T06:32:20.7368649Z [ RUN      ] CommandBatch.SimulationIndependentOwnersAndMemoryAccounting
2026-09-29T06:32:20.7369049Z [       OK ] CommandBatch.SimulationIndependentOwnersAndMemoryAccounting (3 ms)
2026-09-29T06:32:20.7369458Z [ RUN      ] CommandBatch.SimulationQueuedWatchdogExpiresBehindBlockedSubmit
2026-09-29T06:32:20.7370012Z D:\a\cpp-rt-car\cpp-rt-car\tests\test_device_rate_simulation.cpp(312): error: Expected equality of these values:
2026-09-29T06:32:20.7370393Z   f.completed()
2026-09-29T06:32:20.7370588Z     Which is: 0
2026-09-29T06:32:20.7370797Z   1u
2026-09-29T06:32:20.7370957Z     Which is: 1
2026-09-29T06:32:20.7371058Z 
2026-09-29T06:32:20.7371279Z [  FAILED  ] CommandBatch.SimulationQueuedWatchdogExpiresBehindBlockedSubmit (116 ms)
2026-09-29T06:32:20.7371732Z [ RUN      ] CommandBatch.SimulationFailedBackendCompletionCannotAdvanceTimeline
2026-09-29T06:32:20.7372184Z [       OK ] CommandBatch.SimulationFailedBackendCompletionCannotAdvanceTimeline (1 ms)
2026-09-29T06:32:20.7372713Z [----------] 38 tests from CommandBatch (508 ms total)
2026-09-29T06:32:20.7373004Z 
2026-09-29T06:32:20.7373087Z [----------] 7 tests from MixedRateReplay
2026-09-29T06:32:20.7373685Z [ RUN      ] MixedRateReplay.SimulationPolicyIdentityRejectsForeignCheckpointBeforeMutation
2026-09-29T06:32:20.7374366Z [       OK ] MixedRateReplay.SimulationPolicyIdentityRejectsForeignCheckpointBeforeMutation (1 ms)
2026-09-29T06:32:20.7374970Z [ RUN      ] MixedRateReplay.SimulationReplayUsesRecordedTimeAndKeepsHostWatchdog
2026-09-29T06:32:20.7375588Z [       OK ] MixedRateReplay.SimulationReplayUsesRecordedTimeAndKeepsHostWatchdog (51 ms)
2026-09-29T06:32:20.7376182Z [ RUN      ] MixedRateReplay.SimulationFailedCompletionRetainsBackendTimestamp
2026-09-29T06:32:20.7376857Z [       OK ] MixedRateReplay.SimulationFailedCompletionRetainsBackendTimestamp (24 ms)
2026-09-29T06:32:20.7377438Z [ RUN      ] MixedRateReplay.WatchdogTransitionsPreserveActualPriorLevelAtSaturation
2026-09-29T06:32:20.7378161Z [       OK ] MixedRateReplay.WatchdogTransitionsPreserveActualPriorLevelAtSaturation (4 ms)
2026-09-29T06:32:20.7378810Z [ RUN      ] MixedRateReplay.LiveControlWatchdogReplayClosesSaturatedFrames
2026-09-29T06:32:20.7379408Z [       OK ] MixedRateReplay.LiveControlWatchdogReplayClosesSaturatedFrames (10 ms)
2026-09-29T06:32:20.7380043Z [ RUN      ] MixedRateReplay.ActiveArtifactRoundTripsAndDrivesTranscriptDecisions
2026-09-29T06:32:20.7380871Z [       OK ] MixedRateReplay.ActiveArtifactRoundTripsAndDrivesTranscriptDecisions (0 ms)
2026-09-29T06:32:20.7381636Z [ RUN      ] MixedRateReplay.ParserRejectsMutationTrailingBytesAndShortOutput
2026-09-29T06:32:20.7382356Z [       OK ] MixedRateReplay.ParserRejectsMutationTrailingBytesAndShortOutput (0 ms)
2026-09-29T06:32:20.7382954Z [----------] 7 tests from MixedRateReplay (93 ms total)
2026-09-29T06:32:20.7383193Z 
2026-09-29T06:32:20.7383415Z [----------] 15 tests from HeterogeneousMemory
2026-09-29T06:32:20.7383983Z [ RUN      ] HeterogeneousMemory.ConstantsEnumsDefaultsLayoutsAndReservedTailsAreExact
2026-09-29T06:32:20.7384677Z [       OK ] HeterogeneousMemory.ConstantsEnumsDefaultsLayoutsAndReservedTailsAreExact (0 ms)
2026-09-29T06:32:20.7385380Z [ RUN      ] HeterogeneousMemory.DiscoversSixKindsAndFreezesInspectorsAcrossLifecycle
2026-09-29T06:32:20.7386076Z [       OK ] HeterogeneousMemory.DiscoversSixKindsAndFreezesInspectorsAcrossLifecycle (0 ms)
2026-09-29T06:32:20.7386742Z [ RUN      ] HeterogeneousMemory.MalformedDiscoveryFailsWithoutPublication
2026-09-29T06:32:20.7387589Z [       OK ] HeterogeneousMemory.MalformedDiscoveryFailsWithoutPublication (0 ms)
2026-09-29T06:32:20.7388278Z [ RUN      ] HeterogeneousMemory.MalformedExtensionTableFailsWithoutDiscovery
2026-09-29T06:32:20.7388979Z [       OK ] HeterogeneousMemory.MalformedExtensionTableFailsWithoutDiscovery (0 ms)
2026-09-29T06:32:20.7389724Z [ RUN      ] HeterogeneousMemory.DiscoveryAndCorrelationExceptionsAreContained
2026-09-29T06:32:20.7390345Z [       OK ] HeterogeneousMemory.DiscoveryAndCorrelationExceptionsAreContained (0 ms)
2026-09-29T06:32:20.7390934Z [ RUN      ] HeterogeneousMemory.CoreOnlyNativeAndV1ExposeOnlyImplicitHost
2026-09-29T06:32:20.7391521Z [       OK ] HeterogeneousMemory.CoreOnlyNativeAndV1ExposeOnlyImplicitHost (0 ms)
2026-09-29T06:32:20.7392456Z [ RUN      ] HeterogeneousMemory.HeterogeneousHostOpaqueAndRejectionPathsAreTransactional
2026-09-29T06:32:20.7393262Z [       OK ] HeterogeneousMemory.HeterogeneousHostOpaqueAndRejectionPathsAreTransactional (0 ms)
2026-09-29T06:32:20.7393935Z [ RUN      ] HeterogeneousMemory.ForeignHandlesAndBackendCapabilitiesRejectBeforePublication
2026-09-29T06:32:20.7394572Z [       OK ] HeterogeneousMemory.ForeignHandlesAndBackendCapabilitiesRejectBeforePublication (0 ms)
2026-09-29T06:32:20.7395207Z [ RUN      ] HeterogeneousMemory.MixedRegistrationRollbackIsReverseAndRetryable
2026-09-29T06:32:20.7395761Z [       OK ] HeterogeneousMemory.MixedRegistrationRollbackIsReverseAndRetryable (0 ms)
2026-09-29T06:32:20.7396393Z [ RUN      ] HeterogeneousMemory.UncertainEmptyTokenBlocksShutdownAndRetriesOnlyUnresolved
2026-09-29T06:32:20.7397103Z [       OK ] HeterogeneousMemory.UncertainEmptyTokenBlocksShutdownAndRetriesOnlyUnresolved (0 ms)
2026-09-29T06:32:20.7397745Z [ RUN      ] HeterogeneousMemory.CorrelationSuccessUnsupportedAndMalformedAreObservable
2026-09-29T06:32:20.7398391Z [       OK ] HeterogeneousMemory.CorrelationSuccessUnsupportedAndMalformedAreObservable (0 ms)
2026-09-29T06:32:20.7399066Z [ RUN      ] HeterogeneousMemory.CorrelationRejectsAnActiveFrameWithoutEnteringTheBackend
2026-09-29T06:32:20.7399863Z [       OK ] HeterogeneousMemory.CorrelationRejectsAnActiveFrameWithoutEnteringTheBackend (0 ms)
2026-09-29T06:32:20.7400697Z [ RUN      ] HeterogeneousMemory.RuntimeHandlesSnapshotsAndTokensAreIsolated
2026-09-29T06:32:20.7401383Z [       OK ] HeterogeneousMemory.RuntimeHandlesSnapshotsAndTokensAreIsolated (0 ms)
2026-09-29T06:32:20.7402042Z [ RUN      ] HeterogeneousMemory.SemanticSnapshotFieldsParticipateInGraphIdentity
2026-09-29T06:32:20.7402750Z [       OK ] HeterogeneousMemory.SemanticSnapshotFieldsParticipateInGraphIdentity (0 ms)
2026-09-29T06:32:20.7403422Z [ RUN      ] HeterogeneousMemory.CoherentSubmissionTranslatesAndSyncRequiredRejects
2026-09-29T06:32:20.7404154Z [       OK ] HeterogeneousMemory.CoherentSubmissionTranslatesAndSyncRequiredRejects (1 ms)
2026-09-29T06:32:20.7404811Z [----------] 15 tests from HeterogeneousMemory (7 ms total)
2026-09-29T06:32:20.7405095Z 
2026-09-29T06:32:20.7405212Z [----------] 9 tests from HalV2
2026-09-29T06:32:20.7405666Z [ RUN      ] HalV2.ApiVersionDefaultsAndLayoutsAreExact
2026-09-29T06:32:20.7406154Z [       OK ] HalV2.ApiVersionDefaultsAndLayoutsAreExact (0 ms)
2026-09-29T06:32:20.7406694Z [ RUN      ] HalV2.NativeRegistrationAndOperationTranslationAreExact
2026-09-29T06:32:20.7407351Z [       OK ] HalV2.NativeRegistrationAndOperationTranslationAreExact (0 ms)
2026-09-29T06:32:20.7407913Z [ RUN      ] HalV2.MalformedTablesAndCapabilitiesFailTransactionally
2026-09-29T06:32:20.7408470Z [       OK ] HalV2.MalformedTablesAndCapabilitiesFailTransactionally (0 ms)
2026-09-29T06:32:20.7409031Z [ RUN      ] HalV2.NativeAndV1StatusesAndExceptionsAreEquivalent
2026-09-29T06:32:20.7409528Z [       OK ] HalV2.NativeAndV1StatusesAndExceptionsAreEquivalent (1 ms)
2026-09-29T06:32:20.7410134Z [ RUN      ] HalV2.DeviceAbiV1AdapterPreservesEveryCoreFieldAndFailsClosed
2026-09-29T06:32:20.7410888Z [       OK ] HalV2.DeviceAbiV1AdapterPreservesEveryCoreFieldAndFailsClosed (0 ms)
2026-09-29T06:32:20.7411616Z [ RUN      ] HalV2.NativeIdentityIsSeparateAndV1IdentityRemainsStable
2026-09-29T06:32:20.7412285Z [       OK ] HalV2.NativeIdentityIsSeparateAndV1IdentityRemainsStable (0 ms)
2026-09-29T06:32:20.7412954Z [ RUN      ] HalV2.NativeAndAdaptedV1RuntimeObservationsAreEquivalent
2026-09-29T06:32:20.7413665Z [       OK ] HalV2.NativeAndAdaptedV1RuntimeObservationsAreEquivalent (1 ms)
2026-09-29T06:32:20.7414184Z [ RUN      ] HalV2.AdaptedV1StorageIsExactInsideSixRowMemoryPlan
2026-09-29T06:32:20.7414708Z [       OK ] HalV2.AdaptedV1StorageIsExactInsideSixRowMemoryPlan (0 ms)
2026-09-29T06:32:20.7415418Z [ RUN      ] HalV2.AdaptedV1StorageSurvivesConfiguringGrowthAndIsIsolated
2026-09-29T06:32:20.7416054Z [       OK ] HalV2.AdaptedV1StorageSurvivesConfiguringGrowthAndIsIsolated (0 ms)
2026-09-29T06:32:20.7416976Z [----------] 9 tests from HalV2 (5 ms total)
2026-09-29T06:32:20.7417222Z 
2026-09-29T06:32:20.7417511Z [----------] 11 tests from CrossRateData
2026-09-29T06:32:20.7418042Z [ RUN      ] CrossRateData.PublicModelCopiesAndFreezesWithLifecycleInspectors
2026-09-29T06:32:20.7418885Z [       OK ] CrossRateData.PublicModelCopiesAndFreezesWithLifecycleInspectors (1 ms)
2026-09-29T06:32:20.7419521Z [ RUN      ] CrossRateData.SelectionMatchesIndependentCompleteSupercycle
2026-09-29T06:32:20.7420188Z [       OK ] CrossRateData.SelectionMatchesIndependentCompleteSupercycle (1 ms)
2026-09-29T06:32:20.7420886Z [ RUN      ] CrossRateData.SelectionAgreementCoversRateAndRegistrationPermutations
2026-09-29T06:32:20.7421570Z [       OK ] CrossRateData.SelectionAgreementCoversRateAndRegistrationPermutations (5 ms)
2026-09-29T06:32:20.7422265Z [ RUN      ] CrossRateData.SameTimestampVisibilityAndFreshnessBoundariesAreExact
2026-09-29T06:32:20.7422915Z [       OK ] CrossRateData.SameTimestampVisibilityAndFreshnessBoundariesAreExact (4 ms)
2026-09-29T06:32:20.7423543Z [ RUN      ] CrossRateData.ValidationIsOwnedBoundedTransactionalAndCorrectable
2026-09-29T06:32:20.7424191Z [       OK ] CrossRateData.ValidationIsOwnedBoundedTransactionalAndCorrectable (1 ms)
2026-09-29T06:32:20.7424821Z [ RUN      ] CrossRateData.AggregateCapacityFailsBeforeProviderAndCanBeCorrected
2026-09-29T06:32:20.7425841Z [       OK ] CrossRateData.AggregateCapacityFailsBeforeProviderAndCanBeCorrected (1 ms)
2026-09-29T06:32:20.7426544Z [ RUN      ] CrossRateData.DeviceEndpointIsRejectedBeforeOwnershipOrExecution
2026-09-29T06:32:20.7427099Z [       OK ] CrossRateData.DeviceEndpointIsRejectedBeforeOwnershipOrExecution (0 ms)
2026-09-29T06:32:20.7427695Z [ RUN      ] CrossRateData.SnapshotStoreIsExactBoundedAndNeverSubstitutes
2026-09-29T06:32:20.7428274Z [       OK ] CrossRateData.SnapshotStoreIsExactBoundedAndNeverSubstitutes (0 ms)
2026-09-29T06:32:20.7428894Z [ RUN      ] CrossRateData.SnapshotStoreSpscConcurrencyHasDeterministicBytes
2026-09-29T06:32:20.7429465Z [       OK ] CrossRateData.SnapshotStoreSpscConcurrencyHasDeterministicBytes (5 ms)
2026-09-29T06:32:20.7430117Z [ RUN      ] CrossRateData.SnapshotStoreSpscContentionPublishesCompleteGenerations
2026-09-29T06:32:20.7430724Z [       OK ] CrossRateData.SnapshotStoreSpscContentionPublishesCompleteGenerations (1071 ms)
2026-09-29T06:32:20.7431360Z [ RUN      ] CrossRateData.TwoRuntimeHandlesSamplesAndStoresRemainIsolated
2026-09-29T06:32:20.7432016Z [       OK ] CrossRateData.TwoRuntimeHandlesSamplesAndStoresRemainIsolated (2 ms)
2026-09-29T06:32:20.7432512Z [----------] 11 tests from CrossRateData (1095 ms total)
2026-09-29T06:32:20.7432774Z 
2026-09-29T06:32:20.7432896Z [----------] 15 tests from RateDispatch
2026-09-29T06:32:20.7433421Z [ RUN      ] RateDispatch.DeviceRateCyclicAdmissionModelsWrapAndHalfOpenCapacity
2026-09-29T06:32:20.7434081Z [       OK ] RateDispatch.DeviceRateCyclicAdmissionModelsWrapAndHalfOpenCapacity (0 ms)
2026-09-29T06:32:20.7434735Z [ RUN      ] RateDispatch.DeviceRateRejectsPayloadAndCompletionCapacityMismatch
2026-09-29T06:32:20.7435352Z [       OK ] RateDispatch.DeviceRateRejectsPayloadAndCompletionCapacityMismatch (0 ms)
2026-09-29T06:32:20.7436011Z [ RUN      ] RateDispatch.DeviceRateAllowsDistinctBackendOverlapAndRejectsWaitCycle
2026-09-29T06:32:20.7436698Z [       OK ] RateDispatch.DeviceRateAllowsDistinctBackendOverlapAndRejectsWaitCycle (0 ms)
2026-09-29T06:32:20.7437371Z [ RUN      ] RateDispatch.PolicyIsOptInCopiedFrozenAndLegacyDispatchIsExact
2026-09-29T06:32:20.7437976Z [       OK ] RateDispatch.PolicyIsOptInCopiedFrozenAndLegacyDispatchIsExact (1 ms)
2026-09-29T06:32:20.7438612Z [ RUN      ] RateDispatch.AdmissionRejectsMalformedAndInfeasibleActivePlans
2026-09-29T06:32:20.7439257Z [       OK ] RateDispatch.AdmissionRejectsMalformedAndInfeasibleActivePlans (0 ms)
2026-09-29T06:32:20.7439899Z [ RUN      ] RateDispatch.AdmissionMatchesIndependentCompleteSupercycleSimulation
2026-09-29T06:32:20.7440714Z [       OK ] RateDispatch.AdmissionMatchesIndependentCompleteSupercycleSimulation (0 ms)
2026-09-29T06:32:20.7441359Z [ RUN      ] RateDispatch.RejectsD1CrossDomainDependenciesAndSkipProducers
2026-09-29T06:32:20.7441927Z [       OK ] RateDispatch.RejectsD1CrossDomainDependenciesAndSkipProducers (0 ms)
2026-09-29T06:32:20.7442488Z [ RUN      ] RateDispatch.ExecutesExactHalfOpenWindowsAndReportsContextAndCaps
2026-09-29T06:32:20.7443174Z [       OK ] RateDispatch.ExecutesExactHalfOpenWindowsAndReportsContextAndCaps (0 ms)
2026-09-29T06:32:20.7443824Z [ RUN      ] RateDispatch.CallbackFailureRejectsEveryUnattemptedSubstep
2026-09-29T06:32:20.7444450Z [       OK ] RateDispatch.CallbackFailureRejectsEveryUnattemptedSubstep (0 ms)
2026-09-29T06:32:20.7444987Z [ RUN      ] RateDispatch.AppliesSkipCatchUpDegradeAndFailPolicies
2026-09-29T06:32:20.7445460Z [       OK ] RateDispatch.AppliesSkipCatchUpDegradeAndFailPolicies (2 ms)
2026-09-29T06:32:20.7446139Z [ RUN      ] RateDispatch.PublishesCopiesHoldsAndRejectsDuplicateOrMissingPayloads
2026-09-29T06:32:20.7446782Z [       OK ] RateDispatch.PublishesCopiesHoldsAndRejectsDuplicateOrMissingPayloads (3 ms)
2026-09-29T06:32:20.7447321Z [ RUN      ] RateDispatch.PublishesEverySubstepAndUsesExactHeldSelection
2026-09-29T06:32:20.7447803Z [       OK ] RateDispatch.PublishesEverySubstepAndUsesExactHeldSelection (0 ms)
2026-09-29T06:32:20.7448577Z [ RUN      ] RateDispatch.PeriodicUsesAbsoluteReleaseAndAggregatesRateSummaries
2026-09-29T06:32:20.7449136Z [       OK ] RateDispatch.PeriodicUsesAbsoluteReleaseAndAggregatesRateSummaries (0 ms)
2026-09-29T06:32:20.7449683Z [ RUN      ] RateDispatch.TwoActiveRuntimeEpochsAndCursorsRemainIsolated
2026-09-29T06:32:20.7450132Z [       OK ] RateDispatch.TwoActiveRuntimeEpochsAndCursorsRemainIsolated (0 ms)
2026-09-29T06:32:20.7452637Z [ RUN      ] RateDispatch.ActiveCheckpointRoundTripsAndReplayIsExplicitlyRejected
2026-09-29T06:32:20.7453174Z [       OK ] RateDispatch.ActiveCheckpointRoundTripsAndReplayIsExplicitlyRejected (0 ms)
2026-09-29T06:32:20.7453626Z [----------] 15 tests from RateDispatch (11 ms total)
2026-09-29T06:32:20.7453779Z 
2026-09-29T06:32:20.7453906Z [----------] 5 tests from RateTelemetry
2026-09-29T06:32:20.7454276Z [ RUN      ] RateTelemetry.NumericSchemaAndCounterTablesAreExact
2026-09-29T06:32:20.7454649Z [       OK ] RateTelemetry.NumericSchemaAndCounterTablesAreExact (0 ms)
2026-09-29T06:32:20.7455040Z [ RUN      ] RateTelemetry.ConcurrentPublishAndReadRemainBoundedAndRaceFree
2026-09-29T06:32:20.7455612Z [       OK ] RateTelemetry.ConcurrentPublishAndReadRemainBoundedAndRaceFree (2 ms)
2026-09-29T06:32:20.7456090Z [ RUN      ] RateTelemetry.InspectionRejectsAnActiveStep
2026-09-29T06:32:20.7456459Z [       OK ] RateTelemetry.InspectionRejectsAnActiveStep (0 ms)
2026-09-29T06:32:20.7456851Z [ RUN      ] RateTelemetry.RuntimeBoundCursorsRejectForeignInstancesTransactionally
2026-09-29T06:32:20.7457627Z [       OK ] RateTelemetry.RuntimeBoundCursorsRejectForeignInstancesTransactionally (0 ms)
2026-09-29T06:32:20.7458090Z [ RUN      ] RateTelemetry.ZeroCapacityAndOverwriteReportExactCursorGaps
2026-09-29T06:32:20.7458489Z [       OK ] RateTelemetry.ZeroCapacityAndOverwriteReportExactCursorGaps (0 ms)
2026-09-29T06:32:20.7458823Z [----------] 5 tests from RateTelemetry (4 ms total)
2026-09-29T06:32:20.7459020Z 
2026-09-29T06:32:20.7459108Z [----------] 8 tests from RateShedding
2026-09-29T06:32:20.7459450Z [ RUN      ] RateShedding.ThresholdTransitionIsImmediateAndRecoveryIsReverse
2026-09-29T06:32:20.7459876Z [       OK ] RateShedding.ThresholdTransitionIsImmediateAndRecoveryIsReverse (0 ms)
2026-09-29T06:32:20.7460294Z [ RUN      ] RateShedding.OptionalOrderIsCriticalityThenReverseRegistration
2026-09-29T06:32:20.7460696Z [       OK ] RateShedding.OptionalOrderIsCriticalityThenReverseRegistration (0 ms)
2026-09-29T06:32:20.7461131Z [ RUN      ] RateShedding.StreakResetAndOptionalLatenessNeverDriveTransitions
2026-09-29T06:32:20.7461697Z [       OK ] RateShedding.StreakResetAndOptionalLatenessNeverDriveTransitions (0 ms)
2026-09-29T06:32:20.7462096Z [ RUN      ] RateShedding.TerminalFailPreventsPolicyTransition
2026-09-29T06:32:20.7462458Z [       OK ] RateShedding.TerminalFailPreventsPolicyTransition (0 ms)
2026-09-29T06:32:20.7462847Z [ RUN      ] RateShedding.LargeLateWindowAggregatesAfterBoundedTransitions
2026-09-29T06:32:20.7463275Z [       OK ] RateShedding.LargeLateWindowAggregatesAfterBoundedTransitions (0 ms)
2026-09-29T06:32:20.7463698Z [ RUN      ] RateShedding.LargeOptionalLatePrefixAggregatesBeforeShedThreshold
2026-09-29T06:32:20.7464124Z [       OK ] RateShedding.LargeOptionalLatePrefixAggregatesBeforeShedThreshold (1 ms)
2026-09-29T06:32:20.7464571Z [ RUN      ] RateShedding.PolicyAndOptionalChannelValidationAreTransactional
2026-09-29T06:32:20.7464996Z [       OK ] RateShedding.PolicyAndOptionalChannelValidationAreTransactional (0 ms)
2026-09-29T06:32:20.7465413Z [ RUN      ] RateShedding.CheckpointRoundTripRestoresStreakAndShedState
2026-09-29T06:32:20.7465878Z [       OK ] RateShedding.CheckpointRoundTripRestoresStreakAndShedState (1 ms)
2026-09-29T06:32:20.7466222Z [----------] 8 tests from RateShedding (5 ms total)
2026-09-29T06:32:20.7466385Z 
2026-09-29T06:32:20.7466489Z [----------] 10 tests from RateTimeline
2026-09-29T06:32:20.7466779Z [ RUN      ] RateTimeline.PublicDefaultsAndLegacyNoPlanRemainAdditive
2026-09-29T06:32:20.7467240Z [       OK ] RateTimeline.PublicDefaultsAndLegacyNoPlanRemainAdditive (1 ms)
2026-09-29T06:32:20.7467659Z [ RUN      ] RateTimeline.HarmonicAndNonHarmonicTimelineMatchesIndependentGenerator
2026-09-29T06:32:20.7468151Z [       OK ] RateTimeline.HarmonicAndNonHarmonicTimelineMatchesIndependentGenerator (1 ms)
2026-09-29T06:32:20.7468796Z [ RUN      ] RateTimeline.ValidationIsBoundedOwnedAndTransactional
2026-09-29T06:32:20.7469254Z [       OK ] RateTimeline.ValidationIsBoundedOwnedAndTransactional (1 ms)
2026-09-29T06:32:20.7469661Z [ RUN      ] RateTimeline.FailedCompilationHasNoProviderSideEffectsAndCanRetry
2026-09-29T06:32:20.7470097Z [       OK ] RateTimeline.FailedCompilationHasNoProviderSideEffectsAndCanRetry (0 ms)
2026-09-29T06:32:20.7470589Z [ RUN      ] RateTimeline.CheckedArithmeticRejectsOverflowCapacityAndRecovers
2026-09-29T06:32:20.7471150Z [       OK ] RateTimeline.CheckedArithmeticRejectsOverflowCapacityAndRecovers (2 ms)
2026-09-29T06:32:20.7471567Z [ RUN      ] RateTimeline.ReferenceReleaseCapacityBoundaryIsInclusive
2026-09-29T06:32:20.7471983Z [       OK ] RateTimeline.ReferenceReleaseCapacityBoundaryIsInclusive (4 ms)
2026-09-29T06:32:20.7472375Z [ RUN      ] RateTimeline.ExplicitPlanDoesNotChangeHostOrPeriodicDispatch
2026-09-29T06:32:20.7472770Z [       OK ] RateTimeline.ExplicitPlanDoesNotChangeHostOrPeriodicDispatch (0 ms)
2026-09-29T06:32:20.7473415Z [ RUN      ] RateTimeline.ExplicitSemanticsChangeIdentityAndNoPlanIdentityIsStable
2026-09-29T06:32:20.7473877Z [       OK ] RateTimeline.ExplicitSemanticsChangeIdentityAndNoPlanIdentityIsStable (15 ms)
2026-09-29T06:32:20.7474368Z [ RUN      ] RateTimeline.DirectCompilerRejectsMalformedNamesAndPhaseOrder
2026-09-29T06:32:20.7474781Z [       OK ] RateTimeline.DirectCompilerRejectsMalformedNamesAndPhaseOrder (0 ms)
2026-09-29T06:32:20.7475174Z [ RUN      ] RateTimeline.CpuAndMockDeviceBindingsRemainInstanceOwned
2026-09-29T06:32:20.7475580Z [       OK ] RateTimeline.CpuAndMockDeviceBindingsRemainInstanceOwned (0 ms)
2026-09-29T06:32:20.7475966Z [----------] 10 tests from RateTimeline (29 ms total)
2026-09-29T06:32:20.7476113Z 
2026-09-29T06:32:20.7476215Z [----------] 7 tests from SampledIo
2026-09-29T06:32:20.7476514Z [ RUN      ] SampledIo.CompilesExactInputDescriptorAndDirectMap
2026-09-29T06:32:20.7476861Z [       OK ] SampledIo.CompilesExactInputDescriptorAndDirectMap (0 ms)
2026-09-29T06:32:20.7477233Z [ RUN      ] SampledIo.FailureIsTransactionalAndCorrectionIsRetryable
2026-09-29T06:32:20.7477611Z [       OK ] SampledIo.FailureIsTransactionalAndCorrectionIsRetryable (0 ms)
2026-09-29T06:32:20.7478121Z [ RUN      ] SampledIo.RejectsMalformedDescriptorsAndEndpointDisagreement
2026-09-29T06:32:20.7478546Z [       OK ] SampledIo.RejectsMalformedDescriptorsAndEndpointDisagreement (0 ms)
2026-09-29T06:32:20.7478941Z [ RUN      ] SampledIo.OutputRequiresExactSafeFramesAndSignalOnlyPhase
2026-09-29T06:32:20.7479499Z [       OK ] SampledIo.OutputRequiresExactSafeFramesAndSignalOnlyPhase (0 ms)
2026-09-29T06:32:20.7479920Z [ RUN      ] SampledIo.FrameValidationAcceptsUnalignedStorageWithoutAliasing
2026-09-29T06:32:20.7480358Z [       OK ] SampledIo.FrameValidationAcceptsUnalignedStorageWithoutAliasing (0 ms)
2026-09-29T06:32:20.7480796Z [ RUN      ] SampledIo.FrameValidationRejectsEveryCorrelatedFieldAndChecksumDrift
2026-09-29T06:32:20.7481270Z [       OK ] SampledIo.FrameValidationRejectsEveryCorrelatedFieldAndChecksumDrift (0 ms)
2026-09-29T06:32:20.7481723Z [ RUN      ] SampledIo.RuntimeLoopbackAcknowledgesSafeAndPublishesTerminalInput
2026-09-29T06:32:20.7482164Z [       OK ] SampledIo.RuntimeLoopbackAcknowledgesSafeAndPublishesTerminalInput (1 ms)
2026-09-29T06:32:20.7482543Z [----------] 7 tests from SampledIo (1 ms total)
2026-09-29T06:32:20.7482715Z 
2026-09-29T06:32:20.7482802Z [----------] 3 tests from LoopbackBackend
2026-09-29T06:32:20.7483118Z [ RUN      ] LoopbackBackend.TransfersCompleteSampledFrameAndRewritesIdentity
2026-09-29T06:32:20.7483637Z [       OK ] LoopbackBackend.TransfersCompleteSampledFrameAndRewritesIdentity (0 ms)
2026-09-29T06:32:20.7484058Z [ RUN      ] LoopbackBackend.ConfigurationIsBoundedAndInstanceLocal
2026-09-29T06:32:20.7484429Z [       OK ] LoopbackBackend.ConfigurationIsBoundedAndInstanceLocal (0 ms)
2026-09-29T06:32:20.7484830Z [ RUN      ] LoopbackBackend.PairingIdentityIsCanonicalAndFrozenAtRegistration
2026-09-29T06:32:20.7485254Z [       OK ] LoopbackBackend.PairingIdentityIsCanonicalAndFrozenAtRegistration (0 ms)
2026-09-29T06:32:20.7485644Z [----------] 3 tests from LoopbackBackend (0 ms total)
2026-09-29T06:32:20.7485825Z 
2026-09-29T06:32:20.7485917Z [----------] 28 tests from LiveControlMailbox
2026-09-29T06:32:20.7486272Z [ RUN      ] LiveControlMailbox.PublicLayoutAndDisabledPathRemainAdditive
2026-09-29T06:32:20.7486714Z [       OK ] LiveControlMailbox.PublicLayoutAndDisabledPathRemainAdditive (2 ms)
2026-09-29T06:32:20.7487195Z [ RUN      ] LiveControlMailbox.ConfigurationCopiesAndClosesEveryCapacityBoundary
2026-09-29T06:32:20.7487766Z [       OK ] LiveControlMailbox.ConfigurationCopiesAndClosesEveryCapacityBoundary (3 ms)
2026-09-29T06:32:20.7488256Z [ RUN      ] LiveControlMailbox.FailedBudgetFinalizationIsTransactionalAndRetryable
2026-09-29T06:32:20.7488722Z [       OK ] LiveControlMailbox.FailedBudgetFinalizationIsTransactionalAndRetryable (1 ms)
2026-09-29T06:32:20.7489187Z [ RUN      ] LiveControlMailbox.CopiesBeforePublicationAndRejectsWithoutOverwrite
2026-09-29T06:32:20.7489684Z [       OK ] LiveControlMailbox.CopiesBeforePublicationAndRejectsWithoutOverwrite (1 ms)
2026-09-29T06:32:20.7490334Z [ RUN      ] LiveControlMailbox.OneAttemptContentionReturnsBusyWithoutPublication
2026-09-29T06:32:20.7490791Z [       OK ] LiveControlMailbox.OneAttemptContentionReturnsBusyWithoutPublication (1 ms)
2026-09-29T06:32:20.7491229Z [ RUN      ] LiveControlMailbox.ValidatesExactCompiledRateTargetsAndClosedKinds
2026-09-29T06:32:20.7491676Z [       OK ] LiveControlMailbox.ValidatesExactCompiledRateTargetsAndClosedKinds (1 ms)
2026-09-29T06:32:20.7492111Z [ RUN      ] LiveControlMailbox.PastTargetsBecomeMissedAndStopClosesAdmission
2026-09-29T06:32:20.7492546Z [       OK ] LiveControlMailbox.PastTargetsBecomeMissedAndStopClosesAdmission (1 ms)
2026-09-29T06:32:20.7492968Z [ RUN      ] LiveControlMailbox.RuntimeCallbacksCannotUseTheProducerAdmissionApi
2026-09-29T06:32:20.7493431Z [       OK ] LiveControlMailbox.RuntimeCallbacksCannotUseTheProducerAdmissionApi (1 ms)
2026-09-29T06:32:20.7493885Z [ RUN      ] LiveControlMailbox.StopRaceEitherCompletesOrRejectsOneWholeRecord
2026-09-29T06:32:20.7494311Z [       OK ] LiveControlMailbox.StopRaceEitherCompletesOrRejectsOneWholeRecord (2 ms)
2026-09-29T06:32:20.7494815Z [ RUN      ] LiveControlMailbox.HandlesAndStorageAreIsolatedPerRuntime
2026-09-29T06:32:20.7495199Z [       OK ] LiveControlMailbox.HandlesAndStorageAreIsolatedPerRuntime (2 ms)
2026-09-29T06:32:20.7495621Z [ RUN      ] LiveControlMailbox.ConcurrentProducersPublishOnlyCompleteDenseRecords
2026-09-29T06:32:20.7496098Z [       OK ] LiveControlMailbox.ConcurrentProducersPublishOnlyCompleteDenseRecords (2 ms)
2026-09-29T06:32:20.7496551Z [ RUN      ] LiveControlMailbox.BoundaryPublishesCanonicalReplacementAndReusesSlots
2026-09-29T06:32:20.7497043Z [       OK ] LiveControlMailbox.BoundaryPublishesCanonicalReplacementAndReusesSlots (1 ms)
2026-09-29T06:32:20.7497491Z [ RUN      ] LiveControlMailbox.BoundaryOrderIgnoresRegistrationAndArrivalOrder
2026-09-29T06:32:20.7497923Z [       OK ] LiveControlMailbox.BoundaryOrderIgnoresRegistrationAndArrivalOrder (1 ms)
2026-09-29T06:32:20.7498366Z [ RUN      ] LiveControlMailbox.ActiveRateReleasePublishesBeforeItsCallback
2026-09-29T06:32:20.7498772Z [       OK ] LiveControlMailbox.ActiveRateReleasePublishesBeforeItsCallback (1 ms)
2026-09-29T06:32:20.7499169Z [ RUN      ] LiveControlMailbox.ExhaustionPrecedesWrapAndDoesNotPublish
2026-09-29T06:32:20.7499567Z [       OK ] LiveControlMailbox.ExhaustionPrecedesWrapAndDoesNotPublish (1 ms)
2026-09-29T06:32:20.7500054Z [ RUN      ] LiveControlMailbox.FrozenPolicyChangesIdentityButArrivalsDoNot
2026-09-29T06:32:20.7500483Z [       OK ] LiveControlMailbox.FrozenPolicyChangesIdentityButArrivalsDoNot (6 ms)
2026-09-29T06:32:20.7500891Z [ RUN      ] LiveControlMailbox.ClosureSettlesSuccessWithCanonicalActions
2026-09-29T06:32:20.7501284Z [       OK ] LiveControlMailbox.ClosureSettlesSuccessWithCanonicalActions (1 ms)
2026-09-29T06:32:20.7501713Z [ RUN      ] LiveControlMailbox.CallbackFailureRestoresPriorGenerationAndRollsBack
2026-09-29T06:32:20.7502157Z [       OK ] LiveControlMailbox.CallbackFailureRestoresPriorGenerationAndRollsBack (1 ms)
2026-09-29T06:32:20.7502630Z [ RUN      ] LiveControlMailbox.CheckpointRoundTripRetiresHandlesWithoutPartialRestore
2026-09-29T06:32:20.7503136Z [       OK ] LiveControlMailbox.CheckpointRoundTripRetiresHandlesWithoutPartialRestore (1 ms)
2026-09-29T06:32:20.7503648Z [ RUN      ] LiveControlMailbox.OrdinaryReplayInjectsExactRetainedGeneration
2026-09-29T06:32:20.7504218Z [       OK ] LiveControlMailbox.OrdinaryReplayInjectsExactRetainedGeneration (1 ms)
2026-09-29T06:32:20.7504819Z [ RUN      ] LiveControlMailbox.ReplayMatchesRecordedRollbackBeforeReturningFailure
2026-09-29T06:32:20.7505355Z [       OK ] LiveControlMailbox.ReplayMatchesRecordedRollbackBeforeReturningFailure (3 ms)
2026-09-29T06:32:20.7505827Z [ RUN      ] LiveControlMailbox.LosslessFutureAndPreCheckpointRecordsPreserveAllOutcomes
2026-09-29T06:32:20.7506323Z [       OK ] LiveControlMailbox.LosslessFutureAndPreCheckpointRecordsPreserveAllOutcomes (2 ms)
2026-09-29T06:32:20.7506854Z [ RUN      ] LiveControlMailbox.LosslessSemanticJournalCorruptionRejectsBeforeRestore
2026-09-29T06:32:20.7507333Z [       OK ] LiveControlMailbox.LosslessSemanticJournalCorruptionRejectsBeforeRestore (2 ms)
2026-09-29T06:32:20.7508041Z [ RUN      ] LiveControlMailbox.LosslessRetentionExhaustionCannotExportSuccess
2026-09-29T06:32:20.7508566Z [       OK ] LiveControlMailbox.LosslessRetentionExhaustionCannotExportSuccess (3 ms)
2026-09-29T06:32:20.7509029Z [ RUN      ] LiveControlMailbox.LosslessStoppedAndExhaustedHistoriesReplayAcrossInstances
2026-09-29T06:32:20.7509580Z [       OK ] LiveControlMailbox.LosslessStoppedAndExhaustedHistoriesReplayAcrossInstances (6 ms)
2026-09-29T06:32:20.7510072Z [ RUN      ] LiveControlMailbox.LosslessPolicyIsExplicitFrozenAndExactlyAccounted
2026-09-29T06:32:20.7510570Z [       OK ] LiveControlMailbox.LosslessPolicyIsExplicitFrozenAndExactlyAccounted (12 ms)
2026-09-29T06:32:20.7511013Z [ RUN      ] LiveControlMailbox.ClearFaultRetainsBothSupportedPayloadForms
2026-09-29T06:32:20.7511417Z [       OK ] LiveControlMailbox.ClearFaultRetainsBothSupportedPayloadForms (7 ms)
2026-09-29T06:32:20.7511991Z [ RUN      ] LiveControlMailbox.ConcurrentLosslessProducersReplayOrExplicitlyDisqualifyLoss
2026-09-29T06:32:20.7512551Z [       OK ] LiveControlMailbox.ConcurrentLosslessProducersReplayOrExplicitlyDisqualifyLoss (2 ms)
2026-09-29T06:32:20.7512987Z [----------] 28 tests from LiveControlMailbox (84 ms total)
2026-09-29T06:32:20.7513197Z 
2026-09-29T06:32:20.7513311Z [----------] 4 tests from LiveControlActions
2026-09-29T06:32:20.7513649Z [ RUN      ] LiveControlActions.PublicLayoutAndClosedTablesRejectMalformedRecords
2026-09-29T06:32:20.7514130Z [       OK ] LiveControlActions.PublicLayoutAndClosedTablesRejectMalformedRecords (0 ms)
2026-09-29T06:32:20.7514598Z [ RUN      ] LiveControlActions.FixedRingReportsOverwriteGapAndResetExactly
2026-09-29T06:32:20.7515011Z [       OK ] LiveControlActions.FixedRingReportsOverwriteGapAndResetExactly (0 ms)
2026-09-29T06:32:20.7515441Z [ RUN      ] LiveControlActions.ZeroCapacityDropsButStillReservesSequence
2026-09-29T06:32:20.7515846Z [       OK ] LiveControlActions.ZeroCapacityDropsButStillReservesSequence (0 ms)
2026-09-29T06:32:20.7516244Z [ RUN      ] LiveControlActions.SequenceExhaustionFailsBeforeWrap
2026-09-29T06:32:20.7516624Z [       OK ] LiveControlActions.SequenceExhaustionFailsBeforeWrap (0 ms)
2026-09-29T06:32:20.7517046Z [----------] 4 tests from LiveControlActions (0 ms total)
2026-09-29T06:32:20.7517215Z 
2026-09-29T06:32:20.7517324Z [----------] 4 tests from LiveControlSdk
2026-09-29T06:32:20.7517625Z [ RUN      ] LiveControlSdk.CanonicalEnvelopeHasExactLittleEndianLayout
2026-09-29T06:32:20.7518022Z [       OK ] LiveControlSdk.CanonicalEnvelopeHasExactLittleEndianLayout (0 ms)
2026-09-29T06:32:20.7518436Z [ RUN      ] LiveControlSdk.DecodeRejectsMutationsWithoutPartiallyChangingOutput
2026-09-29T06:32:20.7518867Z [       OK ] LiveControlSdk.DecodeRejectsMutationsWithoutPartiallyChangingOutput (0 ms)
2026-09-29T06:32:20.7519364Z [ RUN      ] LiveControlSdk.BuildersPreserveExactHandleSequenceTargetAndRawStatus
2026-09-29T06:32:20.7519804Z [       OK ] LiveControlSdk.BuildersPreserveExactHandleSequenceTargetAndRawStatus (0 ms)
2026-09-29T06:32:20.7520234Z [ RUN      ] LiveControlSdk.TypedClearFaultKeepsRawAdmissionResultVisible
2026-09-29T06:32:20.7520637Z [       OK ] LiveControlSdk.TypedClearFaultKeepsRawAdmissionResultVisible (1 ms)
2026-09-29T06:32:20.7520975Z [----------] 4 tests from LiveControlSdk (1 ms total)
2026-09-29T06:32:20.7521162Z 
2026-09-29T06:32:20.7521246Z [----------] 4 tests from LiveControlStress
2026-09-29T06:32:20.7521687Z [ RUN      ] LiveControlStress.AbsoluteConfigurationAndPayloadBoundariesAreExact
2026-09-29T06:32:20.7522260Z [       OK ] LiveControlStress.AbsoluteConfigurationAndPayloadBoundariesAreExact (16 ms)
2026-09-29T06:32:20.7522702Z [ RUN      ] LiveControlStress.ConcurrentFullOccupancyReclaimsWithExactLossCounts
2026-09-29T06:32:20.7523138Z [       OK ] LiveControlStress.ConcurrentFullOccupancyReclaimsWithExactLossCounts (8 ms)
2026-09-29T06:32:20.7523606Z [ RUN      ] LiveControlStress.CallbackRollbackRemainsOrthogonalToWatchdogPolicy
2026-09-29T06:32:20.7524043Z [       OK ] LiveControlStress.CallbackRollbackRemainsOrthogonalToWatchdogPolicy (1 ms)
2026-09-29T06:32:20.7524492Z [ RUN      ] LiveControlStress.RepeatedLifecycleAndConcurrentRuntimesStayIsolated
2026-09-29T06:32:20.7524951Z [       OK ] LiveControlStress.RepeatedLifecycleAndConcurrentRuntimesStayIsolated (59 ms)
2026-09-29T06:32:20.7525348Z [----------] 4 tests from LiveControlStress (86 ms total)
2026-09-29T06:32:20.7525505Z 
2026-09-29T06:32:20.7525635Z [----------] 9 tests from LiveControlActiveReplay
2026-09-29T06:32:20.7525974Z [ RUN      ] LiveControlActiveReplay.HostTwoAndEightFramesPreserveCanonicalState
2026-09-29T06:32:20.7526414Z [       OK ] LiveControlActiveReplay.HostTwoAndEightFramesPreserveCanonicalState (4 ms)
2026-09-29T06:32:20.7526859Z [ RUN      ] LiveControlActiveReplay.ReclaimsOnlyAfterFreeSlotsAreExhausted
2026-09-29T06:32:20.7527348Z [       OK ] LiveControlActiveReplay.ReclaimsOnlyAfterFreeSlotsAreExhausted (2 ms)
2026-09-29T06:32:20.7527775Z [ RUN      ] LiveControlActiveReplay.MultipleMailboxesAndCompiledRateTargets
2026-09-29T06:32:20.7528215Z [       OK ] LiveControlActiveReplay.MultipleMailboxesAndCompiledRateTargets (6 ms)
2026-09-29T06:32:20.7528645Z [ RUN      ] LiveControlActiveReplay.FinalApplicationStateDivergenceStillFails
2026-09-29T06:32:20.7529098Z [       OK ] LiveControlActiveReplay.FinalApplicationStateDivergenceStillFails (1 ms)
2026-09-29T06:32:20.7529531Z [ RUN      ] LiveControlActiveReplay.ConcurrentRuntimeInstancesAreIsolated
2026-09-29T06:32:20.7529945Z [       OK ] LiveControlActiveReplay.ConcurrentRuntimeInstancesAreIsolated (5 ms)
2026-09-29T06:32:20.7530382Z [ RUN      ] LiveControlActiveReplay.LosslessReplacementsAndRejectionsPreserveAllState
2026-09-29T06:32:20.7530865Z [       OK ] LiveControlActiveReplay.LosslessReplacementsAndRejectionsPreserveAllState (14 ms)
2026-09-29T06:32:20.7531363Z [ RUN      ] LiveControlActiveReplay.LosslessApplicationDivergenceStillFails
2026-09-29T06:32:20.7531793Z [       OK ] LiveControlActiveReplay.LosslessApplicationDivergenceStillFails (1 ms)
2026-09-29T06:32:20.7532229Z [ RUN      ] LiveControlActiveReplay.IncompleteV1HistoriesRejectBeforeRestore
2026-09-29T06:32:20.7532660Z [       OK ] LiveControlActiveReplay.IncompleteV1HistoriesRejectBeforeRestore (2 ms)
2026-09-29T06:32:20.7533150Z [ RUN      ] LiveControlActiveReplay.ConcurrentLosslessInstancesRemainIsolated
2026-09-29T06:32:20.7533603Z [       OK ] LiveControlActiveReplay.ConcurrentLosslessInstancesRemainIsolated (6 ms)
2026-09-29T06:32:20.7533989Z [----------] 9 tests from LiveControlActiveReplay (45 ms total)
2026-09-29T06:32:20.7534178Z 
2026-09-29T06:32:20.7534301Z [----------] 4 tests from MixedRateActions
2026-09-29T06:32:20.7534597Z [ RUN      ] MixedRateActions.NumericTablesAndRecordShapeAreClosed
2026-09-29T06:32:20.7534948Z [       OK ] MixedRateActions.NumericTablesAndRecordShapeAreClosed (0 ms)
2026-09-29T06:32:20.7535340Z [ RUN      ] MixedRateActions.ZeroExactAndOneOverCapacityHaveExactLoss
2026-09-29T06:32:20.7535717Z [       OK ] MixedRateActions.ZeroExactAndOneOverCapacityHaveExactLoss (0 ms)
2026-09-29T06:32:20.7536104Z [ RUN      ] MixedRateActions.PolicyValidationIsTransactionalAndAccounted
2026-09-29T06:32:20.7536518Z [       OK ] MixedRateActions.PolicyValidationIsTransactionalAndAccounted (0 ms)
2026-09-29T06:32:20.7536928Z [ RUN      ] MixedRateActions.OptionalDeviceSheddingSkipsOwnershipAndRecovers
2026-09-29T06:32:20.7537391Z [       OK ] MixedRateActions.OptionalDeviceSheddingSkipsOwnershipAndRecovers (1 ms)
2026-09-29T06:32:20.7537755Z [----------] 4 tests from MixedRateActions (1 ms total)
2026-09-29T06:32:20.7537906Z 
2026-09-29T06:32:20.7538021Z [----------] 4 tests from MixedRateConformance
2026-09-29T06:32:20.7538350Z [ RUN      ] MixedRateConformance.ThreeRatePublicFixtureIsOrderedAndExact
2026-09-29T06:32:20.7538754Z [       OK ] MixedRateConformance.ThreeRatePublicFixtureIsOrderedAndExact (2 ms)
2026-09-29T06:32:20.7539143Z [ RUN      ] MixedRateConformance.TwoInstancesShareNoMutableState
2026-09-29T06:32:20.7539497Z [       OK ] MixedRateConformance.TwoInstancesShareNoMutableState (5 ms)
2026-09-29T06:32:20.7539932Z [ RUN      ] MixedRateConformance.FaultMatrixReplaysTerminalClosureAndSafeFailure
2026-09-29T06:32:20.7540390Z [       OK ] MixedRateConformance.FaultMatrixReplaysTerminalClosureAndSafeFailure (164 ms)
2026-09-29T06:32:20.7540852Z [ RUN      ] MixedRateConformance.MissingStartupAcknowledgementHonorsOriginalTimeout
2026-09-29T06:32:20.7541331Z [       OK ] MixedRateConformance.MissingStartupAcknowledgementHonorsOriginalTimeout (81 ms)
2026-09-29T06:32:20.7541731Z [----------] 4 tests from MixedRateConformance (254 ms total)
2026-09-29T06:32:20.7541921Z 
2026-09-29T06:32:20.7541996Z [----------] 12 tests from CpuMemoryPolicy
2026-09-29T06:32:20.7542290Z [ RUN      ] CpuMemoryPolicy.ReportRetainsPreM15_03AggregatePrefix
2026-09-29T06:32:20.7542714Z [       OK ] CpuMemoryPolicy.ReportRetainsPreM15_03AggregatePrefix (0 ms)
2026-09-29T06:32:20.7543113Z [ RUN      ] CpuMemoryPolicy.DefaultsInventoryEveryStableRoleAndMemoryIdentity
2026-09-29T06:32:20.7543554Z [       OK ] CpuMemoryPolicy.DefaultsInventoryEveryStableRoleAndMemoryIdentity (0 ms)
2026-09-29T06:32:20.7543992Z [ RUN      ] CpuMemoryPolicy.BoundedDeclarationsCloseExternalFactsWithoutQualification
2026-09-29T06:32:20.7925335Z [       OK ] CpuMemoryPolicy.BoundedDeclarationsCloseExternalFactsWithoutQualification (1 ms)
2026-09-29T06:32:20.7926431Z [ RUN      ] CpuMemoryPolicy.StrictClosureRejectsMissingFactsBeforeNativeMutation
2026-09-29T06:32:20.7927068Z [       OK ] CpuMemoryPolicy.StrictClosureRejectsMissingFactsBeforeNativeMutation (0 ms)
2026-09-29T06:32:20.7927667Z [ RUN      ] CpuMemoryPolicy.FullyDeclaredHostAdapterClosesWithoutNativeOwnership
2026-09-29T06:32:20.7928241Z [       OK ] CpuMemoryPolicy.FullyDeclaredHostAdapterClosesWithoutNativeOwnership (0 ms)
2026-09-29T06:32:20.7928825Z [ RUN      ] CpuMemoryPolicy.RejectsDuplicateOwnedAndContradictoryDeclarations
2026-09-29T06:32:20.7929342Z [       OK ] CpuMemoryPolicy.RejectsDuplicateOwnedAndContradictoryDeclarations (0 ms)
2026-09-29T06:32:20.7929866Z [ RUN      ] CpuMemoryPolicy.BestEffortRequestsResolveToExplicitPortableNoops
2026-09-29T06:32:20.7930617Z [       OK ] CpuMemoryPolicy.BestEffortRequestsResolveToExplicitPortableNoops (0 ms)
2026-09-29T06:32:20.7931112Z [ RUN      ] CpuMemoryPolicy.RejectsDuplicateMalformedAndContradictoryRequests
2026-09-29T06:32:20.7931597Z [       OK ] CpuMemoryPolicy.RejectsDuplicateMalformedAndContradictoryRequests (0 ms)
2026-09-29T06:32:20.7932147Z [ RUN      ] CpuMemoryPolicy.RejectsUnsupportedStrictAndCheckedArithmeticOverflow
2026-09-29T06:32:20.7932675Z [       OK ] CpuMemoryPolicy.RejectsUnsupportedStrictAndCheckedArithmeticOverflow (0 ms)
2026-09-29T06:32:20.7933206Z [ RUN      ] CpuMemoryPolicy.FailedFinalizationCanReplacePolicyAndRecover
2026-09-29T06:32:20.7933728Z [       OK ] CpuMemoryPolicy.FailedFinalizationCanReplacePolicyAndRecover (1 ms)
2026-09-29T06:32:20.7934168Z [ RUN      ] CpuMemoryPolicy.ExternalHostAndCustomRolesRemainVerifyOnly
2026-09-29T06:32:20.7934617Z [       OK ] CpuMemoryPolicy.ExternalHostAndCustomRolesRemainVerifyOnly (0 ms)
2026-09-29T06:32:20.7935126Z [ RUN      ] CpuMemoryPolicy.CustomUnknownCardinalityPropagatesToExternalStacks
2026-09-29T06:32:20.7935640Z [       OK ] CpuMemoryPolicy.CustomUnknownCardinalityPropagatesToExternalStacks (1 ms)
2026-09-29T06:32:20.7936040Z [----------] 12 tests from CpuMemoryPolicy (7 ms total)
2026-09-29T06:32:20.7936233Z 
2026-09-29T06:32:20.7936429Z [----------] 30 tests from MemoryPolicy
2026-09-29T06:32:20.7936785Z [ RUN      ] MemoryPolicy.ProviderTableValidatesCopiesAndRejectsReentrancy
2026-09-29T06:32:20.7937306Z [       OK ] MemoryPolicy.ProviderTableValidatesCopiesAndRejectsReentrancy (0 ms)
2026-09-29T06:32:20.7937851Z [ RUN      ] MemoryPolicy.AcquiresStableOrderAndReleasesReverseExactlyOnce
2026-09-29T06:32:20.7938378Z [       OK ] MemoryPolicy.AcquiresStableOrderAndReleasesReverseExactlyOnce (0 ms)
2026-09-29T06:32:20.7938864Z [ RUN      ] MemoryPolicy.ReleaseCallbackCannotReenterRuntime
2026-09-29T06:32:20.7939304Z [       OK ] MemoryPolicy.ReleaseCallbackCannotReenterRuntime (0 ms)
2026-09-29T06:32:20.7939847Z [ RUN      ] MemoryPolicy.RollbackFailureRetainsTokensUntilCheckedStopRetry
2026-09-29T06:32:20.7940403Z [       OK ] MemoryPolicy.RollbackFailureRetainsTokensUntilCheckedStopRetry (0 ms)
2026-09-29T06:32:20.7940985Z [ RUN      ] MemoryPolicy.PartialRollbackRetriesOnlyTheUnresolvedRegion
2026-09-29T06:32:20.7941554Z [       OK ] MemoryPolicy.PartialRollbackRetriesOnlyTheUnresolvedRegion (0 ms)
2026-09-29T06:32:20.7942155Z [ RUN      ] MemoryPolicy.AcquisitionFailureReleasesCompletedTokensInReverse
2026-09-29T06:32:20.7942731Z [       OK ] MemoryPolicy.AcquisitionFailureReleasesCompletedTokensInReverse (0 ms)
2026-09-29T06:32:20.7943496Z [ RUN      ] MemoryPolicy.FailedAcquireCannotReleaseAnotherRuntimesLiveToken
2026-09-29T06:32:20.7944173Z [       OK ] MemoryPolicy.FailedAcquireCannotReleaseAnotherRuntimesLiveToken (0 ms)
2026-09-29T06:32:20.7944802Z [ RUN      ] MemoryPolicy.RejectsMalformedProviderAllocationsWithoutPublishing
2026-09-29T06:32:20.7945395Z [       OK ] MemoryPolicy.RejectsMalformedProviderAllocationsWithoutPublishing (0 ms)
2026-09-29T06:32:20.7945950Z [ RUN      ] MemoryPolicy.RejectsMalformedPageAndHugeOutcomes
2026-09-29T06:32:20.7946418Z [       OK ] MemoryPolicy.RejectsMalformedPageAndHugeOutcomes (0 ms)
2026-09-29T06:32:20.7946862Z [ RUN      ] MemoryPolicy.RejectsGuardClaimsOutsideAllocationExtent
2026-09-29T06:32:20.7947316Z [       OK ] MemoryPolicy.RejectsGuardClaimsOutsideAllocationExtent (0 ms)
2026-09-29T06:32:20.7947916Z [ RUN      ] MemoryPolicy.RejectsCapabilityMismatchBeforePublishing
2026-09-29T06:32:20.7948375Z [       OK ] MemoryPolicy.RejectsCapabilityMismatchBeforePublishing (0 ms)
2026-09-29T06:32:20.7948830Z [ RUN      ] MemoryPolicy.InactiveRowsDoNotInvokeProvider
2026-09-29T06:32:20.7949284Z [       OK ] MemoryPolicy.InactiveRowsDoNotInvokeProvider (0 ms)
2026-09-29T06:32:20.7949720Z [ RUN      ] MemoryPolicy.StrictClosureDoesNotDoubleCountProviderStorage
2026-09-29T06:32:20.7950182Z [       OK ] MemoryPolicy.StrictClosureDoesNotDoubleCountProviderStorage (0 ms)
2026-09-29T06:32:20.7950850Z [ RUN      ] MemoryPolicy.StrictDeferredRegionFailsBeforeProviderCallbacks
2026-09-29T06:32:20.7951390Z [       OK ] MemoryPolicy.StrictDeferredRegionFailsBeforeProviderCallbacks (0 ms)
2026-09-29T06:32:20.7952011Z [ RUN      ] MemoryPolicy.NativeNumaRequiresIndependentProviderObservation
2026-09-29T06:32:20.7952523Z [       OK ] MemoryPolicy.NativeNumaRequiresIndependentProviderObservation (0 ms)
2026-09-29T06:32:20.7952976Z [ RUN      ] MemoryPolicy.ReportsRequestedCommittedAndVerifiedProviderState
2026-09-29T06:32:20.7953379Z [       OK ] MemoryPolicy.ReportsRequestedCommittedAndVerifiedProviderState (0 ms)
2026-09-29T06:32:20.7953763Z [ RUN      ] MemoryPolicy.RejectsHugeFallbackWhenRequestForbidsIt
2026-09-29T06:32:20.7954130Z [       OK ] MemoryPolicy.RejectsHugeFallbackWhenRequestForbidsIt (0 ms)
2026-09-29T06:32:20.7954476Z [ RUN      ] MemoryPolicy.SharedProviderCannotAliasTwoRuntimes
2026-09-29T06:32:20.7954802Z [       OK ] MemoryPolicy.SharedProviderCannotAliasTwoRuntimes (0 ms)
2026-09-29T06:32:20.7955181Z [ RUN      ] MemoryPolicy.ProviderBackedNestedAndHostAdapterScratchRemainDistinct
2026-09-29T06:32:20.7955616Z [       OK ] MemoryPolicy.ProviderBackedNestedAndHostAdapterScratchRemainDistinct (0 ms)
2026-09-29T06:32:20.7956069Z [ RUN      ] MemoryPolicy.ProviderBackedPeriodicWatchdogPreservesTraceLoss
2026-09-29T06:32:20.7956455Z [       OK ] MemoryPolicy.ProviderBackedPeriodicWatchdogPreservesTraceLoss (0 ms)
2026-09-29T06:32:20.7956846Z [ RUN      ] MemoryPolicy.FailedStartDestructionRollsBackBeforeRelease
2026-09-29T06:32:20.7957227Z [       OK ] MemoryPolicy.FailedStartDestructionRollsBackBeforeRelease (0 ms)
2026-09-29T06:32:20.7957619Z [ RUN      ] MemoryPolicy.StrictApplyAndReadbackFailuresRollbackAndRetry
2026-09-29T06:32:20.7958015Z [       OK ] MemoryPolicy.StrictApplyAndReadbackFailuresRollbackAndRetry (0 ms)
2026-09-29T06:32:20.7958424Z [ RUN      ] MemoryPolicy.LaterThreadFailureRollsBackThreadsThenMemoryAndRetries
2026-09-29T06:32:20.7958866Z [       OK ] MemoryPolicy.LaterThreadFailureRollsBackThreadsThenMemoryAndRetries (0 ms)
2026-09-29T06:32:20.7959324Z [ RUN      ] MemoryPolicy.WatchdogFailureJoinsBeforeMemoryRollbackAndRetries
2026-09-29T06:32:20.7959734Z [       OK ] MemoryPolicy.WatchdogFailureJoinsBeforeMemoryRollbackAndRetries (0 ms)
2026-09-29T06:32:20.7960160Z [ RUN      ] MemoryPolicy.ExecutorStackCleanupRetriesWithWatchdogStillAccounted
2026-09-29T06:32:20.7960599Z [       OK ] MemoryPolicy.ExecutorStackCleanupRetriesWithWatchdogStillAccounted (0 ms)
2026-09-29T06:32:20.7961029Z [ RUN      ] MemoryPolicy.StartupRetainsFirstErrorWhenRollbackAlsoFails
2026-09-29T06:32:20.7961507Z [       OK ] MemoryPolicy.StartupRetainsFirstErrorWhenRollbackAlsoFails (0 ms)
2026-09-29T06:32:20.7961965Z [ RUN      ] MemoryPolicy.BestEffortApplyFailureIsReportedAndRuntimeContinues
2026-09-29T06:32:20.7962371Z [       OK ] MemoryPolicy.BestEffortApplyFailureIsReportedAndRuntimeContinues (0 ms)
2026-09-29T06:32:20.7962826Z [ RUN      ] MemoryPolicy.RuntimeInstancesIsolateTokensBackingReportsAndRollback
2026-09-29T06:32:20.7963259Z [       OK ] MemoryPolicy.RuntimeInstancesIsolateTokensBackingReportsAndRollback (0 ms)
2026-09-29T06:32:20.7963651Z [ RUN      ] MemoryPolicy.NativeLinuxPageBackingIsRoundedGuardedAndObserved
2026-09-29T06:32:20.7964049Z [       OK ] MemoryPolicy.NativeLinuxPageBackingIsRoundedGuardedAndObserved (0 ms)
2026-09-29T06:32:20.7964462Z [ RUN      ] MemoryPolicy.NativeLockingUsesIsolatedPagesAndNeverReportsPinning
2026-09-29T06:32:20.7964890Z [       OK ] MemoryPolicy.NativeLockingUsesIsolatedPagesAndNeverReportsPinning (0 ms)
2026-09-29T06:32:20.7965239Z [----------] 30 tests from MemoryPolicy (8 ms total)
2026-09-29T06:32:20.7965409Z 
2026-09-29T06:32:20.7965489Z [----------] 9 tests from ThreadPolicy
2026-09-29T06:32:20.7965844Z [ RUN      ] ThreadPolicy.AppliesEveryRuntimeOwnedInstanceBeforeCommitAndJoinsReverse
2026-09-29T06:32:20.7966321Z [       OK ] ThreadPolicy.AppliesEveryRuntimeOwnedInstanceBeforeCommitAndJoinsReverse (0 ms)
2026-09-29T06:32:20.7966833Z [ RUN      ] ThreadPolicy.StrictFailuresRollbackWithoutCallbacksAndCanRecover
2026-09-29T06:32:20.7967249Z [       OK ] ThreadPolicy.StrictFailuresRollbackWithoutCallbacksAndCanRecover (5 ms)
2026-09-29T06:32:20.7967640Z [ RUN      ] ThreadPolicy.BestEffortFailureRemainsObservableAndContinues
2026-09-29T06:32:20.7968026Z [       OK ] ThreadPolicy.BestEffortFailureRemainsObservableAndContinues (0 ms)
2026-09-29T06:32:20.7968428Z [ RUN      ] ThreadPolicy.LiveRuntimeStackAccountingIsExactBoundedAndIsolated
2026-09-29T06:32:20.7968836Z [       OK ] ThreadPolicy.LiveRuntimeStackAccountingIsExactBoundedAndIsolated (1 ms)
2026-09-29T06:32:20.7969240Z [ RUN      ] ThreadPolicy.StrictRuntimeStackMismatchRollsBackAndRecovers
2026-09-29T06:32:20.7969629Z [       OK ] ThreadPolicy.StrictRuntimeStackMismatchRollsBackAndRecovers (0 ms)
2026-09-29T06:32:20.7970022Z [ RUN      ] ThreadPolicy.FailedStartCleanupRetryClearsRetainedStackError
2026-09-29T06:32:20.7970392Z [       OK ] ThreadPolicy.FailedStartCleanupRetryClearsRetainedStackError (0 ms)
2026-09-29T06:32:20.7970774Z [ RUN      ] ThreadPolicy.BestEffortRuntimeStackFailureIsReportedWithoutCommitBlock
2026-09-29T06:32:20.7971227Z [       OK ] ThreadPolicy.BestEffortRuntimeStackFailureIsReportedWithoutCommitBlock (0 ms)
2026-09-29T06:32:20.7971641Z [ RUN      ] ThreadPolicy.SpinYieldAndParkWakeForWorkAndStop
2026-09-29T06:32:20.7971960Z [       OK ] ThreadPolicy.SpinYieldAndParkWakeForWorkAndStop (1 ms)
2026-09-29T06:32:20.7972363Z [ RUN      ] ThreadPolicy.StrictExternalAndUnavailableRequestsFailDuringFinalize
2026-09-29T06:32:20.7972794Z [       OK ] ThreadPolicy.StrictExternalAndUnavailableRequestsFailDuringFinalize (0 ms)
2026-09-29T06:32:20.7973171Z [----------] 9 tests from ThreadPolicy (10 ms total)
2026-09-29T06:32:20.7973313Z 
2026-09-29T06:32:20.7973391Z [----------] 6 tests from BenchmarkContract
2026-09-29T06:32:20.7973587Z [ RUN      ] BenchmarkContract.HashVectors
2026-09-29T06:32:20.7973822Z [       OK ] BenchmarkContract.HashVectors (4 ms)
2026-09-29T06:32:20.7974088Z [ RUN      ] BenchmarkContract.RejectsMalformedBeforeInvocation
2026-09-29T06:32:20.7974410Z [       OK ] BenchmarkContract.RejectsMalformedBeforeInvocation (0 ms)
2026-09-29T06:32:20.7974769Z [ RUN      ] BenchmarkContract.TransactionalTableAndDescriptorExceptions
2026-09-29T06:32:20.7975153Z [       OK ] BenchmarkContract.TransactionalTableAndDescriptorExceptions (0 ms)
2026-09-29T06:32:20.7975519Z [ RUN      ] BenchmarkContract.StableDiscoveryAndStaleHandles
2026-09-29T06:32:20.7975835Z [       OK ] BenchmarkContract.StableDiscoveryAndStaleHandles (0 ms)
2026-09-29T06:32:20.7976726Z [ RUN      ] BenchmarkContract.DuplicateCasesAndCapacity
2026-09-29T06:32:20.7977181Z [       OK ] BenchmarkContract.DuplicateCasesAndCapacity (0 ms)
2026-09-29T06:32:20.7977630Z [ RUN      ] BenchmarkContract.IdentityRejectsPathsSecretsAndUnsupportedNumbers
2026-09-29T06:32:20.7978166Z [       OK ] BenchmarkContract.IdentityRejectsPathsSecretsAndUnsupportedNumbers (0 ms)
2026-09-29T06:32:20.7978680Z [----------] 6 tests from BenchmarkContract (4 ms total)
2026-09-29T06:32:20.7978885Z 
2026-09-29T06:32:20.7978972Z [----------] 7 tests from BenchmarkRunner
2026-09-29T06:32:20.7979321Z [ RUN      ] BenchmarkRunner.ExactFakeClockWarmupSamplesAndCanonicalBytes
2026-09-29T06:32:20.7979819Z [       OK ] BenchmarkRunner.ExactFakeClockWarmupSamplesAndCanonicalBytes (0 ms)
2026-09-29T06:32:20.7980290Z [ RUN      ] BenchmarkRunner.ZeroWarmupAndMaximumRepetitionBound
2026-09-29T06:32:20.7980726Z [       OK ] BenchmarkRunner.ZeroWarmupAndMaximumRepetitionBound (32 ms)
2026-09-29T06:32:20.7981191Z [ RUN      ] BenchmarkRunner.CallbackClockAndInvariantFailureRemainFailed
2026-09-29T06:32:20.7981688Z [       OK ] BenchmarkRunner.CallbackClockAndInvariantFailureRemainFailed (0 ms)
2026-09-29T06:32:20.7982162Z [ RUN      ] BenchmarkRunner.MissingSelectionAndInvalidIdentityNeverInvoke
2026-09-29T06:32:20.7982724Z [       OK ] BenchmarkRunner.MissingSelectionAndInvalidIdentityNeverInvoke (0 ms)
2026-09-29T06:32:20.7983291Z [ RUN      ] BenchmarkRunner.ReentrancyAndIndependentInstances
2026-09-29T06:32:20.7983707Z [       OK ] BenchmarkRunner.ReentrancyAndIndependentInstances (0 ms)
2026-09-29T06:32:20.7984166Z [ RUN      ] BenchmarkRunner.RealClockIsCharacterizationOnly
2026-09-29T06:32:20.7984591Z [       OK ] BenchmarkRunner.RealClockIsCharacterizationOnly (0 ms)
2026-09-29T06:32:20.7984957Z [ RUN      ] BenchmarkRunner.TamperedResultCannotBeSerialized
2026-09-29T06:32:20.7985325Z [       OK ] BenchmarkRunner.TamperedResultCannotBeSerialized (0 ms)
2026-09-29T06:32:20.7985668Z [----------] 7 tests from BenchmarkRunner (34 ms total)
2026-09-29T06:32:20.7985872Z 
2026-09-29T06:32:20.7985980Z [----------] 6 tests from BenchmarkArtifacts
2026-09-29T06:32:20.7986323Z [ RUN      ] BenchmarkArtifacts.ExactFilesAndNoOverwrite
2026-09-29T06:32:20.7986714Z [       OK ] BenchmarkArtifacts.ExactFilesAndNoOverwrite (18 ms)
2026-09-29T06:32:20.7987200Z [ RUN      ] BenchmarkArtifacts.RejectsUnsafeMissingAndInvalidWithoutOutput
2026-09-29T06:32:20.7987733Z [       OK ] BenchmarkArtifacts.RejectsUnsafeMissingAndInvalidWithoutOutput (0 ms)
2026-09-29T06:32:20.7988204Z [ RUN      ] BenchmarkArtifacts.ConcurrentCreateNewHasOneWinner
2026-09-29T06:32:20.7988591Z [       OK ] BenchmarkArtifacts.ConcurrentCreateNewHasOneWinner (21 ms)
2026-09-29T06:32:20.7989059Z [ RUN      ] BenchmarkArtifacts.FailedRunKeepsFailureAndNoMeasuredStatistics
2026-09-29T06:32:20.7989597Z [       OK ] BenchmarkArtifacts.FailedRunKeepsFailureAndNoMeasuredStatistics (69 ms)
2026-09-29T06:32:20.7990065Z [ RUN      ] BenchmarkArtifacts.DoesNotFollowSymlinks
2026-09-29T06:32:20.7990444Z [       OK ] BenchmarkArtifacts.DoesNotFollowSymlinks (0 ms)
2026-09-29T06:32:20.7990850Z [ RUN      ] BenchmarkArtifacts.RejectsWindowsNetworkDeviceAndAmbiguousPaths
2026-09-29T06:32:20.7991344Z [       OK ] BenchmarkArtifacts.RejectsWindowsNetworkDeviceAndAmbiguousPaths (0 ms)
2026-09-29T06:32:20.7991761Z [----------] 6 tests from BenchmarkArtifacts (111 ms total)
2026-09-29T06:32:20.7991953Z 
2026-09-29T06:32:20.7992038Z [----------] 7 tests from BenchmarkCpu
2026-09-29T06:32:20.7992375Z [ RUN      ] BenchmarkCpu.MetadataIsPureAndPreparationIsExplicit
2026-09-29T06:32:20.7993533Z [       OK ] BenchmarkCpu.MetadataIsPureAndPreparationIsExplicit (0 ms)
2026-09-29T06:32:20.7994038Z [ RUN      ] BenchmarkCpu.EveryCaseExecutesItsStructuralContract
2026-09-29T06:32:20.7994509Z [       OK ] BenchmarkCpu.EveryCaseExecutesItsStructuralContract (98 ms)
2026-09-29T06:32:20.7994985Z [ RUN      ] BenchmarkCpu.RejectionIsAnAcceptedPrefixAndThenRecovers
2026-09-29T06:32:20.7996219Z [       OK ] BenchmarkCpu.RejectionIsAnAcceptedPrefixAndThenRecovers (1 ms)
2026-09-29T06:32:20.7996722Z [ RUN      ] BenchmarkCpu.MemoryFailureRollbackAndInactivePathsAreObserved
2026-09-29T06:32:20.7997264Z [       OK ] BenchmarkCpu.MemoryFailureRollbackAndInactivePathsAreObserved (11 ms)
2026-09-29T06:32:20.7997839Z [ RUN      ] BenchmarkCpu.NestedReductionTraceAndScalingHaveIndependentOracles
2026-09-29T06:32:20.7998389Z [       OK ] BenchmarkCpu.NestedReductionTraceAndScalingHaveIndependentOracles (5 ms)
2026-09-29T06:32:20.7998926Z [ RUN      ] BenchmarkCpu.RepeatedRunsAndConcurrentOwnersStayIsolated
2026-09-29T06:32:20.7999471Z [       OK ] BenchmarkCpu.RepeatedRunsAndConcurrentOwnersStayIsolated (3 ms)
2026-09-29T06:32:20.7999995Z [ RUN      ] BenchmarkCpu.ClockFailureStillAllowsCheckedCleanupAndRerun
2026-09-29T06:32:20.8000494Z [       OK ] BenchmarkCpu.ClockFailureStillAllowsCheckedCleanupAndRerun (2 ms)
2026-09-29T06:32:20.8000986Z [----------] 7 tests from BenchmarkCpu (123 ms total)
2026-09-29T06:32:20.8001227Z 
2026-09-29T06:32:20.8001390Z [----------] 3 tests from BenchmarkRuntime
2026-09-29T06:32:20.8001786Z [ RUN      ] BenchmarkRuntime.MetadataAndLifecycle
2026-09-29T06:32:20.8002200Z [       OK ] BenchmarkRuntime.MetadataAndLifecycle (0 ms)
2026-09-29T06:32:20.8002680Z [ RUN      ] BenchmarkRuntime.EveryCasePreservesWarmupAndMeasuredBoundaries
2026-09-29T06:32:20.8003434Z Runtime case capacity-absolute-controls-artifacts: prepare
2026-09-29T06:32:20.8003913Z Runtime case capacity-absolute-controls-artifacts: invoke
2026-09-29T06:32:20.8004344Z Runtime case capacity-absolute-controls-artifacts: finish
2026-09-29T06:32:20.8004734Z Runtime case capacity-absolute-controls-artifacts: complete
2026-09-29T06:32:20.8005126Z Runtime case capacity-control-post-stop: prepare
2026-09-29T06:32:20.8005497Z Runtime case capacity-control-post-stop: invoke
2026-09-29T06:32:20.8005826Z Runtime case capacity-control-post-stop: finish
2026-09-29T06:32:20.8006167Z Runtime case capacity-control-post-stop: complete
2026-09-29T06:32:20.8006507Z Runtime case capacity-dispatch-budget-64: prepare
2026-09-29T06:32:20.8006900Z Runtime case capacity-dispatch-budget-64: invoke
2026-09-29T06:32:20.8007275Z Runtime case capacity-dispatch-budget-64: finish
2026-09-29T06:32:20.8007625Z Runtime case capacity-dispatch-budget-64: complete
2026-09-29T06:32:20.8008012Z Runtime case capacity-domains-64: prepare
2026-09-29T06:32:20.8008380Z Runtime case capacity-domains-64: invoke
2026-09-29T06:32:20.8008718Z Runtime case capacity-domains-64: finish
2026-09-29T06:32:20.8009069Z Runtime case capacity-domains-64: complete
2026-09-29T06:32:20.8009450Z Runtime case capacity-reference-65537: prepare
2026-09-29T06:32:20.8009829Z Runtime case capacity-reference-65537: invoke
2026-09-29T06:32:20.8010202Z Runtime case capacity-reference-65537: finish
2026-09-29T06:32:20.8010586Z Runtime case capacity-reference-65537: complete
2026-09-29T06:32:20.8010966Z Runtime case capacity-selection-262144: prepare
2026-09-29T06:32:20.8011372Z Runtime case capacity-selection-262144: invoke
2026-09-29T06:32:20.8011719Z Runtime case capacity-selection-262144: finish
2026-09-29T06:32:20.8012091Z Runtime case capacity-selection-262144: complete
2026-09-29T06:32:20.8012482Z Runtime case capacity-selection-overflow: prepare
2026-09-29T06:32:20.8012877Z Runtime case capacity-selection-overflow: invoke
2026-09-29T06:32:20.8013201Z Runtime case capacity-selection-overflow: finish
2026-09-29T06:32:20.8013533Z Runtime case capacity-selection-overflow: complete
2026-09-29T06:32:20.8013908Z Runtime case capacity-substeps-64: prepare
2026-09-29T06:32:20.8014216Z Runtime case capacity-substeps-64: invoke
2026-09-29T06:32:20.8014531Z Runtime case capacity-substeps-64: finish
2026-09-29T06:32:20.8014900Z Runtime case capacity-substeps-64: complete
2026-09-29T06:32:20.8015247Z Runtime case channel-configured-256: prepare
2026-09-29T06:32:20.8015585Z Runtime case channel-configured-256: invoke
2026-09-29T06:32:20.8016602Z Runtime case channel-configured-256: finish
2026-09-29T06:32:20.8016985Z Runtime case channel-configured-256: complete
2026-09-29T06:32:20.8017278Z Runtime case channel-fast-slow-256-c1: prepare
2026-09-29T06:32:20.8017529Z Runtime case channel-fast-slow-256-c1: invoke
2026-09-29T06:32:20.8017773Z Runtime case channel-fast-slow-256-c1: finish
2026-09-29T06:32:20.8018028Z Runtime case channel-fast-slow-256-c1: complete
2026-09-29T06:32:20.8018283Z Runtime case channel-fast-slow-256-c8: prepare
2026-09-29T06:32:20.8018560Z Runtime case channel-fast-slow-256-c8: invoke
2026-09-29T06:32:20.8018803Z Runtime case channel-fast-slow-256-c8: finish
2026-09-29T06:32:20.8019046Z Runtime case channel-fast-slow-256-c8: complete
2026-09-29T06:32:20.8019299Z Runtime case channel-fast-slow-8-c1: prepare
2026-09-29T06:32:20.8019540Z Runtime case channel-fast-slow-8-c1: invoke
2026-09-29T06:32:20.8019773Z Runtime case channel-fast-slow-8-c1: finish
2026-09-29T06:32:20.8020011Z Runtime case channel-fast-slow-8-c1: complete
2026-09-29T06:32:20.8020256Z Runtime case channel-fast-slow-8-c8: prepare
2026-09-29T06:32:20.8020493Z Runtime case channel-fast-slow-8-c8: invoke
2026-09-29T06:32:20.8020722Z Runtime case channel-fast-slow-8-c8: finish
2026-09-29T06:32:20.8020982Z Runtime case channel-fast-slow-8-c8: complete
2026-09-29T06:32:20.8021322Z Runtime case channel-initial-held: prepare
2026-09-29T06:32:20.8021558Z Runtime case channel-initial-held: invoke
2026-09-29T06:32:20.8021793Z Runtime case channel-initial-held: finish
2026-09-29T06:32:20.8022026Z Runtime case channel-initial-held: complete
2026-09-29T06:32:20.8022273Z Runtime case channel-selection-fast-slow: prepare
2026-09-29T06:32:20.8022537Z Runtime case channel-selection-fast-slow: invoke
2026-09-29T06:32:20.8022799Z Runtime case channel-selection-fast-slow: finish
2026-09-29T06:32:20.8023068Z Runtime case channel-selection-fast-slow: complete
2026-09-29T06:32:20.8023343Z Runtime case channel-selection-slow-fast: prepare
2026-09-29T06:32:20.8023626Z Runtime case channel-selection-slow-fast: invoke
2026-09-29T06:32:20.8023871Z Runtime case channel-selection-slow-fast: finish
2026-09-29T06:32:20.8024128Z Runtime case channel-selection-slow-fast: complete
2026-09-29T06:32:20.8024385Z Runtime case channel-slow-fast-256-c1: prepare
2026-09-29T06:32:20.8024632Z Runtime case channel-slow-fast-256-c1: invoke
2026-09-29T06:32:20.8024872Z Runtime case channel-slow-fast-256-c1: finish
2026-09-29T06:32:20.8025114Z Runtime case channel-slow-fast-256-c1: complete
2026-09-29T06:32:20.8025374Z Runtime case channel-slow-fast-256-c8: prepare
2026-09-29T06:32:20.8025614Z Runtime case channel-slow-fast-256-c8: invoke
2026-09-29T06:32:20.8025881Z Runtime case channel-slow-fast-256-c8: finish
2026-09-29T06:32:20.8026125Z Runtime case channel-slow-fast-256-c8: complete
2026-09-29T06:32:20.8026370Z Runtime case channel-slow-fast-8-c1: prepare
2026-09-29T06:32:20.8026606Z Runtime case channel-slow-fast-8-c1: invoke
2026-09-29T06:32:20.8026854Z Runtime case channel-slow-fast-8-c1: finish
2026-09-29T06:32:20.8027103Z Runtime case channel-slow-fast-8-c1: complete
2026-09-29T06:32:20.8027351Z Runtime case channel-slow-fast-8-c8: prepare
2026-09-29T06:32:20.8027589Z Runtime case channel-slow-fast-8-c8: invoke
2026-09-29T06:32:20.8027831Z Runtime case channel-slow-fast-8-c8: finish
2026-09-29T06:32:20.8028076Z Runtime case channel-slow-fast-8-c8: complete
2026-09-29T06:32:20.8028337Z Runtime case channel-stale: prepare
2026-09-29T06:32:20.8028565Z Runtime case channel-stale: invoke
2026-09-29T06:32:20.8028786Z Runtime case channel-stale: finish
2026-09-29T06:32:20.8029011Z Runtime case channel-stale: complete
2026-09-29T06:32:20.8029244Z Runtime case checkpoint-4096-states1: prepare
2026-09-29T06:32:20.8029490Z Runtime case checkpoint-4096-states1: invoke
2026-09-29T06:32:20.8029727Z Runtime case checkpoint-4096-states1: finish
2026-09-29T06:32:20.8029968Z Runtime case checkpoint-4096-states1: complete
2026-09-29T06:32:20.8030213Z Runtime case checkpoint-4096-states64: prepare
2026-09-29T06:32:20.8030529Z Runtime case checkpoint-4096-states64: invoke
2026-09-29T06:32:20.8030787Z Runtime case checkpoint-4096-states64: finish
2026-09-29T06:32:20.8031024Z Runtime case checkpoint-4096-states64: complete
2026-09-29T06:32:20.8031280Z Runtime case checkpoint-64-states1: prepare
2026-09-29T06:32:20.8031518Z Runtime case checkpoint-64-states1: invoke
2026-09-29T06:32:20.8031755Z Runtime case checkpoint-64-states1: finish
2026-09-29T06:32:20.8031984Z Runtime case checkpoint-64-states1: complete
2026-09-29T06:32:20.8032221Z Runtime case composition-fault-2: prepare
2026-09-29T06:32:20.8032541Z Runtime case composition-fault-2: invoke
2026-09-29T06:32:20.8032826Z Runtime case composition-fault-2: finish
2026-09-29T06:32:20.8033095Z Runtime case composition-fault-2: complete
2026-09-29T06:32:20.8033448Z Runtime case composition-fault-8: prepare
2026-09-29T06:32:20.8033793Z Runtime case composition-fault-8: invoke
2026-09-29T06:32:20.8034085Z Runtime case composition-fault-8: finish
2026-09-29T06:32:20.8034415Z Runtime case composition-fault-8: complete
2026-09-29T06:32:20.8034769Z Runtime case composition-nominal-2: prepare
2026-09-29T06:32:20.8035125Z Runtime case composition-nominal-2: invoke
2026-09-29T06:32:20.8035440Z Runtime case composition-nominal-2: finish
2026-09-29T06:32:20.8036334Z Runtime case composition-nominal-2: complete
2026-09-29T06:32:20.8036578Z Runtime case composition-nominal-8: prepare
2026-09-29T06:32:20.8036818Z Runtime case composition-nominal-8: invoke
2026-09-29T06:32:20.8037073Z Runtime case composition-nominal-8: finish
2026-09-29T06:32:20.8037308Z Runtime case composition-nominal-8: complete
2026-09-29T06:32:20.8037554Z Runtime case composition-shedding-2: prepare
2026-09-29T06:32:20.8037794Z Runtime case composition-shedding-2: invoke
2026-09-29T06:32:20.8038025Z Runtime case composition-shedding-2: finish
2026-09-29T06:32:20.8038274Z Runtime case composition-shedding-2: complete
2026-09-29T06:32:20.8038524Z Runtime case composition-shedding-8: prepare
2026-09-29T06:32:20.8038768Z Runtime case composition-shedding-8: invoke
2026-09-29T06:32:20.8039007Z Runtime case composition-shedding-8: finish
2026-09-29T06:32:20.8039264Z Runtime case composition-shedding-8: complete
2026-09-29T06:32:20.8039530Z Runtime case control-configured-65536-bytes: prepare
2026-09-29T06:32:20.8039811Z Runtime case control-configured-65536-bytes: invoke
2026-09-29T06:32:20.8040081Z Runtime case control-configured-65536-bytes: finish
2026-09-29T06:32:20.8040360Z Runtime case control-configured-65536-bytes: complete
2026-09-29T06:32:20.8040648Z Runtime case control-configured-65536-records: prepare
2026-09-29T06:32:20.8040928Z Runtime case control-configured-65536-records: invoke
2026-09-29T06:32:20.8041198Z Runtime case control-configured-65536-records: finish
2026-09-29T06:32:20.8041481Z Runtime case control-configured-65536-records: complete
2026-09-29T06:32:20.8041737Z Runtime case control-host-1-256: prepare
2026-09-29T06:32:20.8041996Z Runtime case control-host-1-256: invoke
2026-09-29T06:32:20.8042225Z Runtime case control-host-1-256: finish
2026-09-29T06:32:20.8042455Z Runtime case control-host-1-256: complete
2026-09-29T06:32:20.8042687Z Runtime case control-host-1-8: prepare
2026-09-29T06:32:20.8042911Z Runtime case control-host-1-8: invoke
2026-09-29T06:32:20.8043129Z Runtime case control-host-1-8: finish
2026-09-29T06:32:20.8043353Z Runtime case control-host-1-8: complete
2026-09-29T06:32:20.8043580Z Runtime case control-host-8-256: prepare
2026-09-29T06:32:20.8043808Z Runtime case control-host-8-256: invoke
2026-09-29T06:32:20.8044023Z Runtime case control-host-8-256: finish
2026-09-29T06:32:20.8044269Z Runtime case control-host-8-256: complete
2026-09-29T06:32:20.8044497Z Runtime case control-host-8-8: prepare
2026-09-29T06:32:20.8044717Z Runtime case control-host-8-8: invoke
2026-09-29T06:32:20.8044938Z Runtime case control-host-8-8: finish
2026-09-29T06:32:20.8045159Z Runtime case control-host-8-8: complete
2026-09-29T06:32:20.8045439Z Runtime case control-rate-1-256: prepare
2026-09-29T06:32:20.8045653Z Runtime case control-rate-1-256: invoke
2026-09-29T06:32:20.8045878Z Runtime case control-rate-1-256: finish
2026-09-29T06:32:20.8046088Z Runtime case control-rate-1-256: complete
2026-09-29T06:32:20.8046316Z Runtime case control-rate-1-8: prepare
2026-09-29T06:32:20.8046563Z Runtime case control-rate-1-8: invoke
2026-09-29T06:32:20.8046781Z Runtime case control-rate-1-8: finish
2026-09-29T06:32:20.8047001Z Runtime case control-rate-1-8: complete
2026-09-29T06:32:20.8047225Z Runtime case control-rate-8-256: prepare
2026-09-29T06:32:20.8047449Z Runtime case control-rate-8-256: invoke
2026-09-29T06:32:20.8047673Z Runtime case control-rate-8-256: finish
2026-09-29T06:32:20.8047895Z Runtime case control-rate-8-256: complete
2026-09-29T06:32:20.8048126Z Runtime case control-rate-8-8: prepare
2026-09-29T06:32:20.8048344Z Runtime case control-rate-8-8: invoke
2026-09-29T06:32:20.8048548Z Runtime case control-rate-8-8: finish
2026-09-29T06:32:20.8048764Z Runtime case control-rate-8-8: complete
2026-09-29T06:32:20.8049004Z Runtime case control-rollback: prepare
2026-09-29T06:32:20.8049215Z Runtime case control-rollback: invoke
2026-09-29T06:32:20.8049436Z Runtime case control-rollback: finish
2026-09-29T06:32:20.8049650Z Runtime case control-rollback: complete
2026-09-29T06:32:20.8049971Z Runtime case device-failure-nonpublication: prepare
2026-09-29T06:32:20.8050237Z Runtime case device-failure-nonpublication: invoke
2026-09-29T06:32:20.8050496Z Runtime case device-failure-nonpublication: finish
2026-09-29T06:32:20.8050774Z Runtime case device-failure-nonpublication: complete
2026-09-29T06:32:20.8051041Z Runtime case device-inflight-configured-4: prepare
2026-09-29T06:32:20.8051333Z Runtime case device-inflight-configured-4: invoke
2026-09-29T06:32:20.8051710Z Runtime case device-inflight-configured-4: finish
2026-09-29T06:32:20.8052031Z Runtime case device-inflight-configured-4: complete
2026-09-29T06:32:20.8052373Z Runtime case device-loopback-2-flight1-256: prepare
2026-09-29T06:32:20.8052754Z Runtime case device-loopback-2-flight1-256: invoke
2026-09-29T06:32:20.8053106Z Runtime case device-loopback-2-flight1-256: finish
2026-09-29T06:32:20.8053488Z Runtime case device-loopback-2-flight1-256: complete
2026-09-29T06:32:20.8053894Z Runtime case device-loopback-2-flight1-8: prepare
2026-09-29T06:32:20.8054285Z Runtime case device-loopback-2-flight1-8: invoke
2026-09-29T06:32:20.8054655Z Runtime case device-loopback-2-flight1-8: finish
2026-09-29T06:32:20.8055057Z Runtime case device-loopback-2-flight1-8: complete
2026-09-29T06:32:20.8055331Z Runtime case device-loopback-2-flight4-256: prepare
2026-09-29T06:32:20.8055597Z Runtime case device-loopback-2-flight4-256: invoke
2026-09-29T06:32:20.8055850Z Runtime case device-loopback-2-flight4-256: finish
2026-09-29T06:32:20.8056091Z Runtime case device-loopback-2-flight4-256: complete
2026-09-29T06:32:20.8056355Z Runtime case device-loopback-2-flight4-8: prepare
2026-09-29T06:32:20.8056612Z Runtime case device-loopback-2-flight4-8: invoke
2026-09-29T06:32:20.8056868Z Runtime case device-loopback-2-flight4-8: finish
2026-09-29T06:32:20.8057119Z Runtime case device-loopback-2-flight4-8: complete
2026-09-29T06:32:20.8057391Z Runtime case device-loopback-8-flight1-256: prepare
2026-09-29T06:32:20.8057644Z Runtime case device-loopback-8-flight1-256: invoke
2026-09-29T06:32:20.8057898Z Runtime case device-loopback-8-flight1-256: finish
2026-09-29T06:32:20.8058157Z Runtime case device-loopback-8-flight1-256: complete
2026-09-29T06:32:20.8058421Z Runtime case device-loopback-8-flight1-8: prepare
2026-09-29T06:32:20.8058662Z Runtime case device-loopback-8-flight1-8: invoke
2026-09-29T06:32:20.8058904Z Runtime case device-loopback-8-flight1-8: finish
2026-09-29T06:32:20.8059145Z Runtime case device-loopback-8-flight1-8: complete
2026-09-29T06:32:20.8059264Z Runtime case device-loopback-8-flight4-256: prepare
2026-09-29T06:32:20.8059462Z Runtime case device-loopback-8-flight4-256: invoke
2026-09-29T06:32:20.8059579Z Runtime case device-loopback-8-flight4-256: finish
2026-09-29T06:32:20.8059700Z Runtime case device-loopback-8-flight4-256: complete
2026-09-29T06:32:20.8059793Z Runtime case device-loopback-8-flight4-8: prepare
2026-09-29T06:32:20.8059898Z Runtime case device-loopback-8-flight4-8: invoke
2026-09-29T06:32:20.8059979Z Runtime case device-loopback-8-flight4-8: finish
2026-09-29T06:32:20.8060097Z Runtime case device-loopback-8-flight4-8: complete
2026-09-29T06:32:20.8060192Z Runtime case device-timeout-nonpublication: prepare
2026-09-29T06:32:20.8060304Z Runtime case device-timeout-nonpublication: invoke
2026-09-29T06:32:20.8060413Z Runtime case device-timeout-nonpublication: finish
2026-09-29T06:32:20.8060512Z Runtime case device-timeout-nonpublication: complete
2026-09-29T06:32:20.8060621Z Runtime case rate-dispatch-64-d1-s1: prepare
2026-09-29T06:32:20.8060703Z Runtime case rate-dispatch-64-d1-s1: invoke
2026-09-29T06:32:20.8060812Z Runtime case rate-dispatch-64-d1-s1: finish
2026-09-29T06:32:20.8060899Z Runtime case rate-dispatch-64-d1-s1: complete
2026-09-29T06:32:20.8060998Z Runtime case rate-dispatch-64-d1-s4: prepare
2026-09-29T06:32:20.8061077Z Runtime case rate-dispatch-64-d1-s4: invoke
2026-09-29T06:32:20.8061171Z Runtime case rate-dispatch-64-d1-s4: finish
2026-09-29T06:32:20.8061339Z Runtime case rate-dispatch-64-d1-s4: complete
2026-09-29T06:32:20.8061422Z Runtime case rate-dispatch-64-d4-s1: prepare
2026-09-29T06:32:20.8061524Z Runtime case rate-dispatch-64-d4-s1: invoke
2026-09-29T06:32:20.8061602Z Runtime case rate-dispatch-64-d4-s1: finish
2026-09-29T06:32:20.8061713Z Runtime case rate-dispatch-64-d4-s1: complete
2026-09-29T06:32:20.8061800Z Runtime case rate-dispatch-64-d4-s4: prepare
2026-09-29T06:32:20.8061903Z Runtime case rate-dispatch-64-d4-s4: invoke
2026-09-29T06:32:20.8061988Z Runtime case rate-dispatch-64-d4-s4: finish
2026-09-29T06:32:20.8062059Z Runtime case rate-dispatch-64-d4-s4: complete
2026-09-29T06:32:20.8062131Z Runtime case rate-dispatch-8-d1-s1: prepare
2026-09-29T06:32:20.8062196Z Runtime case rate-dispatch-8-d1-s1: invoke
2026-09-29T06:32:20.8062290Z Runtime case rate-dispatch-8-d1-s1: finish
2026-09-29T06:32:20.8062366Z Runtime case rate-dispatch-8-d1-s1: complete
2026-09-29T06:32:20.8062433Z Runtime case rate-dispatch-8-d1-s4: prepare
2026-09-29T06:32:20.8062532Z Runtime case rate-dispatch-8-d1-s4: invoke
2026-09-29T06:32:20.8062610Z Runtime case rate-dispatch-8-d1-s4: finish
2026-09-29T06:32:20.8062711Z Runtime case rate-dispatch-8-d1-s4: complete
2026-09-29T06:32:20.8062783Z Runtime case rate-dispatch-8-d4-s1: prepare
2026-09-29T06:32:20.8062883Z Runtime case rate-dispatch-8-d4-s1: invoke
2026-09-29T06:32:20.8062963Z Runtime case rate-dispatch-8-d4-s1: finish
2026-09-29T06:32:20.8063064Z Runtime case rate-dispatch-8-d4-s1: complete
2026-09-29T06:32:20.8063131Z Runtime case rate-dispatch-8-d4-s4: prepare
2026-09-29T06:32:20.8063190Z Runtime case rate-dispatch-8-d4-s4: invoke
2026-09-29T06:32:20.8063256Z Runtime case rate-dispatch-8-d4-s4: finish
2026-09-29T06:32:20.8063322Z Runtime case rate-dispatch-8-d4-s4: complete
2026-09-29T06:32:20.8063389Z Runtime case rate-reference-64: prepare
2026-09-29T06:32:20.8063452Z Runtime case rate-reference-64: invoke
2026-09-29T06:32:20.8063516Z Runtime case rate-reference-64: finish
2026-09-29T06:32:20.8063579Z Runtime case rate-reference-64: complete
2026-09-29T06:32:20.8063649Z Runtime case rate-reference-65536: prepare
2026-09-29T06:32:20.8063720Z Runtime case rate-reference-65536: invoke
2026-09-29T06:32:20.8063780Z Runtime case rate-reference-65536: finish
2026-09-29T06:32:20.8063846Z Runtime case rate-reference-65536: complete
2026-09-29T06:32:20.8063906Z Runtime case rate-reference-8: prepare
2026-09-29T06:32:20.8063990Z Runtime case rate-reference-8: invoke
2026-09-29T06:32:20.8064060Z Runtime case rate-reference-8: finish
2026-09-29T06:32:20.8064128Z Runtime case rate-reference-8: complete
2026-09-29T06:32:20.8064250Z Runtime case replay-active-2: prepare
2026-09-29T06:32:20.8064316Z Runtime case replay-active-2: invoke
2026-09-29T06:32:20.8064405Z Runtime case replay-active-2: finish
2026-09-29T06:32:20.8064485Z Runtime case replay-active-2: complete
2026-09-29T06:32:20.8064582Z Runtime case replay-active-8: prepare
2026-09-29T06:32:20.8064660Z Runtime case replay-active-8: invoke
2026-09-29T06:32:20.8064753Z Runtime case replay-active-8: finish
2026-09-29T06:32:20.8064823Z Runtime case replay-active-8: complete
2026-09-29T06:32:20.8064924Z Runtime case replay-live-2: prepare
2026-09-29T06:32:20.8065015Z Runtime case replay-live-2: invoke
2026-09-29T06:32:20.8065076Z Runtime case replay-live-2: finish
2026-09-29T06:32:20.8065169Z Runtime case replay-live-2: complete
2026-09-29T06:32:20.8065244Z Runtime case replay-live-8: prepare
2026-09-29T06:32:20.8065334Z Runtime case replay-live-8: invoke
2026-09-29T06:32:20.8065402Z Runtime case replay-live-8: finish
2026-09-29T06:32:20.8065497Z Runtime case replay-live-8: complete
2026-09-29T06:32:20.8065600Z Runtime case replay-ordinary-2: prepare
2026-09-29T06:32:20.8065678Z Runtime case replay-ordinary-2: invoke
2026-09-29T06:32:20.8065771Z Runtime case replay-ordinary-2: finish
2026-09-29T06:32:20.8065850Z Runtime case replay-ordinary-2: complete
2026-09-29T06:32:20.8065936Z Runtime case replay-ordinary-8: prepare
2026-09-29T06:32:20.8066064Z Runtime case replay-ordinary-8: invoke
2026-09-29T06:32:20.8066161Z Runtime case replay-ordinary-8: finish
2026-09-29T06:32:20.8066238Z Runtime case replay-ordinary-8: complete
2026-09-29T06:32:20.8066356Z Runtime case replay-ordinary-configured-64: prepare
2026-09-29T06:32:20.8066474Z Runtime case replay-ordinary-configured-64: invoke
2026-09-29T06:32:20.8066568Z Runtime case replay-ordinary-configured-64: finish
2026-09-29T06:32:20.8066678Z Runtime case replay-ordinary-configured-64: complete
2026-09-29T06:32:20.8066772Z Runtime case shedding-inspect-threshold-1: prepare
2026-09-29T06:32:20.8066896Z Runtime case shedding-inspect-threshold-1: invoke
2026-09-29T06:32:20.8066992Z Runtime case shedding-inspect-threshold-1: finish
2026-09-29T06:32:20.8067112Z Runtime case shedding-inspect-threshold-1: complete
2026-09-29T06:32:20.8067226Z Runtime case shedding-inspect-threshold-3: prepare
2026-09-29T06:32:20.8067330Z Runtime case shedding-inspect-threshold-3: invoke
2026-09-29T06:32:20.8067447Z Runtime case shedding-inspect-threshold-3: finish
2026-09-29T06:32:20.8067535Z Runtime case shedding-inspect-threshold-3: complete
2026-09-29T06:32:20.8067613Z Runtime case shedding-threshold-1: prepare
2026-09-29T06:32:20.8067680Z Runtime case shedding-threshold-1: invoke
2026-09-29T06:32:20.8067774Z Runtime case shedding-threshold-1: finish
2026-09-29T06:32:20.8067883Z Runtime case shedding-threshold-1: complete
2026-09-29T06:32:20.8067964Z Runtime case shedding-threshold-3: prepare
2026-09-29T06:32:20.8068066Z Runtime case shedding-threshold-3: invoke
2026-09-29T06:32:20.8068145Z Runtime case shedding-threshold-3: finish
2026-09-29T06:32:20.8068254Z Runtime case shedding-threshold-3: complete
2026-09-29T06:32:20.8068367Z Runtime case telemetry-actions-configured-1024: prepare
2026-09-29T06:32:20.8068496Z Runtime case telemetry-actions-configured-1024: invoke
2026-09-29T06:32:20.8068624Z Runtime case telemetry-actions-configured-1024: finish
2026-09-29T06:32:20.8068738Z Runtime case telemetry-actions-configured-1024: complete
2026-09-29T06:32:20.8068830Z Runtime case telemetry-export-0: prepare
2026-09-29T06:32:20.8068894Z Runtime case telemetry-export-0: invoke
2026-09-29T06:32:20.8068983Z Runtime case telemetry-export-0: finish
2026-09-29T06:32:20.8069048Z Runtime case telemetry-export-0: complete
2026-09-29T06:32:20.8069159Z Runtime case telemetry-export-1024: prepare
2026-09-29T06:32:20.8069266Z Runtime case telemetry-export-1024: invoke
2026-09-29T06:32:20.8069347Z Runtime case telemetry-export-1024: finish
2026-09-29T06:32:20.8069453Z Runtime case telemetry-export-1024: complete
2026-09-29T06:32:20.8069581Z Runtime case telemetry-export-16: prepare
2026-09-29T06:32:20.8069685Z Runtime case telemetry-export-16: invoke
2026-09-29T06:32:20.8069762Z Runtime case telemetry-export-16: finish
2026-09-29T06:32:20.8069864Z Runtime case telemetry-export-16: complete
2026-09-29T06:32:20.8069940Z Runtime case telemetry-read-0: prepare
2026-09-29T06:32:20.8070038Z Runtime case telemetry-read-0: invoke
2026-09-29T06:32:20.8070131Z Runtime case telemetry-read-0: finish
2026-09-29T06:32:20.8070205Z Runtime case telemetry-read-0: complete
2026-09-29T06:32:20.8070289Z Runtime case telemetry-read-1024: prepare
2026-09-29T06:32:20.8070383Z Runtime case telemetry-read-1024: invoke
2026-09-29T06:32:20.8070460Z Runtime case telemetry-read-1024: finish
2026-09-29T06:32:20.8070562Z Runtime case telemetry-read-1024: complete
2026-09-29T06:32:20.8070637Z Runtime case telemetry-read-16: prepare
2026-09-29T06:32:20.8070729Z Runtime case telemetry-read-16: invoke
2026-09-29T06:32:20.8070814Z Runtime case telemetry-read-16: finish
2026-09-29T06:32:20.8070887Z Runtime case telemetry-read-16: complete
2026-09-29T06:32:20.8070988Z Runtime case watchdog-below-cap1: prepare
2026-09-29T06:32:20.8071066Z Runtime case watchdog-below-cap1: invoke
2026-09-29T06:32:20.8071145Z Runtime case watchdog-below-cap1: finish
2026-09-29T06:32:20.8071235Z Runtime case watchdog-below-cap1: complete
2026-09-29T06:32:20.8071492Z Runtime case watchdog-below-cap3: prepare
2026-09-29T06:32:20.8071613Z Runtime case watchdog-below-cap3: invoke
2026-09-29T06:32:20.8071707Z Runtime case watchdog-below-cap3: finish
2026-09-29T06:32:20.8071832Z Runtime case watchdog-below-cap3: complete
2026-09-29T06:32:20.8071944Z Runtime case watchdog-disabled-cap1: prepare
2026-09-29T06:32:20.8072106Z Runtime case watchdog-disabled-cap1: invoke
2026-09-29T06:32:20.8072220Z Runtime case watchdog-disabled-cap1: finish
2026-09-29T06:32:20.8072368Z Runtime case watchdog-disabled-cap1: complete
2026-09-29T06:32:20.8072508Z Runtime case watchdog-disabled-cap3: prepare
2026-09-29T06:32:20.8072630Z Runtime case watchdog-disabled-cap3: invoke
2026-09-29T06:32:20.8072763Z Runtime case watchdog-disabled-cap3: finish
2026-09-29T06:32:20.8072889Z Runtime case watchdog-disabled-cap3: complete
2026-09-29T06:32:20.8073029Z Runtime case watchdog-expiry-cap1: prepare
2026-09-29T06:32:20.8073146Z Runtime case watchdog-expiry-cap1: invoke
2026-09-29T06:32:20.8073294Z Runtime case watchdog-expiry-cap1: finish
2026-09-29T06:32:20.8073414Z Runtime case watchdog-expiry-cap1: complete
2026-09-29T06:32:20.8073536Z Runtime case watchdog-expiry-cap3: prepare
2026-09-29T06:32:20.8073669Z Runtime case watchdog-expiry-cap3: invoke
2026-09-29T06:32:20.8073771Z Runtime case watchdog-expiry-cap3: finish
2026-09-29T06:32:20.8073886Z Runtime case watchdog-expiry-cap3: complete
2026-09-29T06:32:20.8074090Z [       OK ] BenchmarkRuntime.EveryCasePreservesWarmupAndMeasuredBoundaries (3344 ms)
2026-09-29T06:32:20.8074303Z [ RUN      ] BenchmarkRuntime.ConcurrentInstancesOwnIndependentState
2026-09-29T06:32:20.8074516Z [       OK ] BenchmarkRuntime.ConcurrentInstancesOwnIndependentState (5 ms)
2026-09-29T06:32:20.8074671Z [----------] 3 tests from BenchmarkRuntime (3350 ms total)
2026-09-29T06:32:20.8074678Z 
2026-09-29T06:32:20.8074805Z [----------] 11 tests from BenchmarkDevice
2026-09-29T06:32:20.8074988Z [ RUN      ] BenchmarkDevice.CatalogExecutesOrReportsMissingRealSession
2026-09-29T06:32:20.8075227Z [       OK ] BenchmarkDevice.CatalogExecutesOrReportsMissingRealSession (58 ms)
2026-09-29T06:32:20.8075440Z [ RUN      ] BenchmarkDevice.SuppliedSessionActuallyExecutesItsDriverAndKernel
2026-09-29T06:32:20.8075702Z [       OK ] BenchmarkDevice.SuppliedSessionActuallyExecutesItsDriverAndKernel (0 ms)
2026-09-29T06:32:20.8075912Z [ RUN      ] BenchmarkDevice.DepthIsObservedAndRejectedWorkIsSeparate
2026-09-29T06:32:20.8076109Z [       OK ] BenchmarkDevice.DepthIsObservedAndRejectedWorkIsSeparate (0 ms)
2026-09-29T06:32:20.8076422Z [ RUN      ] BenchmarkDevice.MalformedSuppliedDriverIsAnErrorAndCanBeCleaned
2026-09-29T06:32:20.8076661Z [       OK ] BenchmarkDevice.MalformedSuppliedDriverIsAnErrorAndCanBeCleaned (0 ms)
2026-09-29T06:32:20.8076925Z [ RUN      ] BenchmarkDevice.SuppliedXdmaSessionUsesConfirmedOffsetAndActualDriver
2026-09-29T06:32:20.8077167Z [       OK ] BenchmarkDevice.SuppliedXdmaSessionUsesConfirmedOffsetAndActualDriver (0 ms)
2026-09-29T06:32:20.8077433Z [ RUN      ] BenchmarkDevice.InvalidSuppliedXdmaResourcesAreErrorsAndDoNotAccessDriver
2026-09-29T06:32:20.8077763Z [       OK ] BenchmarkDevice.InvalidSuppliedXdmaResourcesAreErrorsAndDoNotAccessDriver (0 ms)
2026-09-29T06:32:20.8078017Z [ RUN      ] BenchmarkDevice.SuppliedGraphExecutesBoundStorageAndRejectsCorruptOutput
2026-09-29T06:32:20.8078350Z [       OK ] BenchmarkDevice.SuppliedGraphExecutesBoundStorageAndRejectsCorruptOutput (0 ms)
2026-09-29T06:32:20.8078544Z [ RUN      ] BenchmarkDevice.ConcurrentOwnersDoNotShareDriverOrOrdinalState
2026-09-29T06:32:20.8078792Z [       OK ] BenchmarkDevice.ConcurrentOwnersDoNotShareDriverOrOrdinalState (1 ms)
2026-09-29T06:32:20.8079126Z [ RUN      ] BenchmarkDevice.CombinedSuppliedSessionsExecuteRuntimeAndKeepBorrowedStorageAlive
2026-09-29T06:32:20.8079472Z [       OK ] BenchmarkDevice.CombinedSuppliedSessionsExecuteRuntimeAndKeepBorrowedStorageAlive (3 ms)
2026-09-29T06:32:20.8079861Z [ RUN      ] BenchmarkDevice.ConcurrentRuntimePipelinesHaveIndependentLifetimes
2026-09-29T06:32:20.8080120Z [       OK ] BenchmarkDevice.ConcurrentRuntimePipelinesHaveIndependentLifetimes (5 ms)
2026-09-29T06:32:20.8080457Z [ RUN      ] BenchmarkDevice.PublicRuntimeRejectsForeignBackendHandleWithoutChangingPayload
2026-09-29T06:32:20.8080810Z [       OK ] BenchmarkDevice.PublicRuntimeRejectsForeignBackendHandleWithoutChangingPayload (0 ms)
2026-09-29T06:32:20.8080951Z [----------] 11 tests from BenchmarkDevice (70 ms total)
2026-09-29T06:32:20.8080958Z 
2026-09-29T06:32:20.8081184Z [----------] 3 tests from CrossMatrixDeterminism/SimCoreDeterminism
2026-09-29T06:32:20.8081483Z [ RUN      ] CrossMatrixDeterminism/SimCoreDeterminism.HashSameAcrossThreadCounts/2ThreadsFmaOff
2026-09-29T06:32:20.8081840Z [       OK ] CrossMatrixDeterminism/SimCoreDeterminism.HashSameAcrossThreadCounts/2ThreadsFmaOff (3162 ms)
2026-09-29T06:32:20.8082607Z [ RUN      ] CrossMatrixDeterminism/SimCoreDeterminism.HashSameAcrossThreadCounts/4ThreadsFmaOff
2026-09-29T06:32:20.8082941Z [       OK ] CrossMatrixDeterminism/SimCoreDeterminism.HashSameAcrossThreadCounts/4ThreadsFmaOff (3158 ms)
2026-09-29T06:32:20.8083262Z [ RUN      ] CrossMatrixDeterminism/SimCoreDeterminism.HashSameAcrossThreadCounts/8ThreadsFmaOff
2026-09-29T06:32:20.8083591Z [       OK ] CrossMatrixDeterminism/SimCoreDeterminism.HashSameAcrossThreadCounts/8ThreadsFmaOff (3173 ms)
2026-09-29T06:32:20.8083843Z [----------] 3 tests from CrossMatrixDeterminism/SimCoreDeterminism (9494 ms total)
2026-09-29T06:32:20.8083851Z 
2026-09-29T06:32:20.8084028Z [----------] Global test environment tear-down
2026-09-29T06:32:20.8084176Z [==========] 552 tests from 114 test suites ran. (53588 ms total)
2026-09-29T06:32:20.8084310Z [  PASSED  ] 545 tests.
2026-09-29T06:32:20.8084417Z [  SKIPPED ] 6 tests, listed below:
2026-09-29T06:32:20.8084567Z [  SKIPPED ] JobQueuePerf.MPMCvsMutex
2026-09-29T06:32:20.8084739Z [  SKIPPED ] FrameArenaBindingAssert.DeathBeforeBinding
2026-09-29T06:32:20.8084972Z [  SKIPPED ] PredictiveAdaptive.PrestepsReduceReactiveCatchup
2026-09-29T06:32:20.8085200Z [  SKIPPED ] CrashDump.WritesBacktrace
2026-09-29T06:32:20.8085372Z [  SKIPPED ] Sandbox.EnableSandbox
2026-09-29T06:32:20.8085535Z [  SKIPPED ] Minidump.WritesSymbolPaths
2026-09-29T06:32:20.8085653Z [  FAILED  ] 1 test, listed below:
2026-09-29T06:32:20.8085924Z [  FAILED  ] CommandBatch.SimulationQueuedWatchdogExpiresBehindBlockedSubmit
2026-09-29T06:32:20.8085929Z 
2026-09-29T06:32:20.8086034Z  1 FAILED TEST
2026-09-29T06:32:20.8086039Z 
2026-09-29T06:32:20.8086184Z       Start 46: m22_live_control_mailbox
2026-09-29T06:32:20.9065184Z 46/92 Test #46: m22_live_control_mailbox .................   Passed    0.20 sec
2026-09-29T06:32:20.9068413Z       Start 47: m22_live_control_sdk
2026-09-29T06:32:20.9176153Z 47/92 Test #47: m22_live_control_sdk .....................   Passed    0.01 sec
2026-09-29T06:32:20.9178927Z       Start 48: m22_live_control_stress
2026-09-29T06:32:21.0313522Z 48/92 Test #48: m22_live_control_stress ..................   Passed    0.11 sec
2026-09-29T06:32:21.0316185Z       Start 49: m19_extension_registration
2026-09-29T06:32:21.0464463Z 49/92 Test #49: m19_extension_registration ...............   Passed    0.01 sec
2026-09-29T06:32:21.0467249Z       Start 50: m17_command_batch_timeline
2026-09-29T06:32:21.6401116Z 50/92 Test #50: m17_command_batch_timeline ...............   Passed    0.59 sec
2026-09-29T06:32:21.6404137Z       Start 51: m17_hal_v2_compatibility
2026-09-29T06:32:21.8284959Z 51/92 Test #51: m17_hal_v2_compatibility .................   Passed    0.19 sec
2026-09-29T06:32:21.8287920Z       Start 52: m17_heterogeneous_memory_topology
2026-09-29T06:32:21.9544190Z 52/92 Test #52: m17_heterogeneous_memory_topology ........   Passed    0.13 sec
2026-09-29T06:32:21.9546882Z       Start 53: m17_cuda_graph
2026-09-29T06:32:31.9870550Z 53/92 Test #53: m17_cuda_graph ...........................   Passed   10.03 sec
2026-09-29T06:32:31.9873756Z       Start 54: m17_xdma_control
2026-09-29T06:32:31.9978262Z 54/92 Test #54: m17_xdma_control .........................   Passed    0.01 sec
2026-09-29T06:32:31.9980700Z       Start 55: m16_rate_timeline
2026-09-29T06:32:32.0611042Z 55/92 Test #55: m16_rate_timeline ........................   Passed    0.06 sec
2026-09-29T06:32:32.0613435Z       Start 56: m21_device_rate_model
2026-09-29T06:32:32.0726080Z 56/92 Test #56: m21_device_rate_model ....................   Passed    0.01 sec
2026-09-29T06:32:32.0728666Z       Start 57: m21_cross_rate_payload
2026-09-29T06:32:32.0837190Z 57/92 Test #57: m21_cross_rate_payload ...................   Passed    0.01 sec
2026-09-29T06:32:32.0839592Z       Start 58: m16_rate_dispatch
2026-09-29T06:32:32.1061367Z 58/92 Test #58: m16_rate_dispatch ........................   Passed    0.02 sec
2026-09-29T06:32:32.1063809Z       Start 59: m16_shedding_telemetry
2026-09-29T06:32:32.1260323Z 59/92 Test #59: m16_shedding_telemetry ...................   Passed    0.02 sec
2026-09-29T06:32:32.1263158Z       Start 60: m16_cross_rate_data
2026-09-29T06:32:33.2907320Z 60/92 Test #60: m16_cross_rate_data ......................   Passed    1.16 sec
2026-09-29T06:32:33.2911064Z       Start 61: m15_accounting_closure
2026-09-29T06:32:33.3094942Z 61/92 Test #61: m15_accounting_closure ...................   Passed    0.02 sec
2026-09-29T06:32:33.3097688Z       Start 62: m15_stack_lifecycle
2026-09-29T06:32:33.3202522Z 62/92 Test #62: m15_stack_lifecycle ......................   Passed    0.01 sec
2026-09-29T06:32:33.3204900Z       Start 63: m15_cross_category_rollback
2026-09-29T06:32:33.3315244Z 63/92 Test #63: m15_cross_category_rollback ..............   Passed    0.01 sec
2026-09-29T06:32:33.3318009Z       Start 64: thread_policy_rollback
2026-09-29T06:32:33.3420909Z 64/92 Test #64: thread_policy_rollback ...................   Passed    0.01 sec
2026-09-29T06:32:33.3423856Z       Start 65: thread_policy_recovery
2026-09-29T06:32:33.3574201Z 65/92 Test #65: thread_policy_recovery ...................   Passed    0.01 sec
2026-09-29T06:32:33.3576570Z       Start 66: sbom_dependencies
2026-09-29T06:32:33.6216188Z 66/92 Test #66: sbom_dependencies ........................   Passed    0.26 sec
2026-09-29T06:32:33.6218963Z       Start 67: m24_cuda_physics
2026-09-29T06:32:33.7480582Z 67/92 Test #67: m24_cuda_physics .........................   Passed    0.13 sec
2026-09-29T06:32:33.7483087Z       Start 68: m24_cuda_physics_cli
2026-09-29T06:32:34.8928859Z 68/92 Test #68: m24_cuda_physics_cli .....................   Passed    1.14 sec
2026-09-29T06:32:34.8931419Z       Start 69: m17_cpu_gpu_fpga_cpu_sample
2026-09-29T06:32:35.0132802Z 69/92 Test #69: m17_cpu_gpu_fpga_cpu_sample ..............   Passed    0.12 sec
2026-09-29T06:32:35.0134874Z       Start 70: cabi_dlopen
2026-09-29T06:32:35.0263816Z 70/92 Test #70: cabi_dlopen ..............................   Passed    0.01 sec
2026-09-29T06:32:35.0266176Z       Start 71: host_adapter
2026-09-29T06:32:35.0352180Z 71/92 Test #71: host_adapter .............................   Passed    0.01 sec
2026-09-29T06:32:35.0354053Z       Start 72: runtime_profile
2026-09-29T06:32:35.0455135Z 72/92 Test #72: runtime_profile ..........................   Passed    0.01 sec
2026-09-29T06:32:35.0457401Z       Start 73: simcore_thread_violation_build
2026-09-29T06:32:36.9560171Z 73/92 Test #73: simcore_thread_violation_build ...........   Passed    1.91 sec
2026-09-29T06:32:36.9563060Z       Start 74: xdma_backend
2026-09-29T06:32:36.9674898Z 74/92 Test #74: xdma_backend .............................   Passed    0.01 sec
2026-09-29T06:32:36.9676646Z       Start 75: m24_cuda_pipeline
2026-09-29T06:32:37.5887802Z 75/92 Test #75: m24_cuda_pipeline ........................   Passed    0.62 sec
2026-09-29T06:32:37.5891392Z       Start 76: m24_cuda_pipeline_cli
2026-09-29T06:32:37.9989374Z 76/92 Test #76: m24_cuda_pipeline_cli ....................   Passed    0.41 sec
2026-09-29T06:32:37.9991795Z       Start 77: m24_cuda_lifetime
2026-09-29T06:32:58.1270238Z 77/92 Test #77: m24_cuda_lifetime ........................   Passed   20.13 sec
2026-09-29T06:32:58.1273381Z       Start 78: m24_cuda_lifetime_cli
2026-09-29T06:32:58.1937777Z 78/92 Test #78: m24_cuda_lifetime_cli ....................   Passed    0.07 sec
2026-09-29T06:32:58.1940592Z       Start 79: m24_cuda_capabilities
2026-09-29T06:33:01.4319582Z 79/92 Test #79: m24_cuda_capabilities ....................   Passed    3.24 sec
2026-09-29T06:33:01.4322216Z       Start 80: host_adapter_simulation_timing_noalloc
2026-09-29T06:33:01.4440543Z 80/92 Test #80: host_adapter_simulation_timing_noalloc ...   Passed    0.01 sec
2026-09-29T06:33:01.4442942Z       Start 81: hello_capacity_failure
2026-09-29T06:33:01.4659054Z 81/92 Test #81: hello_capacity_failure ...................   Passed    0.02 sec
2026-09-29T06:33:01.4661549Z       Start 82: hello_step_failure
2026-09-29T06:33:01.4894365Z 82/92 Test #82: hello_step_failure .......................   Passed    0.02 sec
2026-09-29T06:33:01.4896652Z       Start 83: typed_sdk
2026-09-29T06:33:01.5057103Z 83/92 Test #83: typed_sdk ................................   Passed    0.02 sec
2026-09-29T06:33:01.5059763Z       Start 84: typed_sdk_stop_failure
2026-09-29T06:33:01.5274949Z 84/92 Test #84: typed_sdk_stop_failure ...................   Passed    0.02 sec
2026-09-29T06:33:01.5277344Z       Start 85: backend_authoring_conformance
2026-09-29T06:33:01.5808671Z 85/92 Test #85: backend_authoring_conformance ............   Passed    0.05 sec
2026-09-29T06:33:01.5811586Z       Start 86: cil_shared_memory_contract
2026-09-29T06:33:01.5999476Z 86/92 Test #86: cil_shared_memory_contract ...............   Passed    0.02 sec
2026-09-29T06:33:01.6002578Z       Start 87: host_adapter_contract
2026-09-29T06:33:01.6215622Z 87/92 Test #87: host_adapter_contract ....................   Passed    0.02 sec
2026-09-29T06:33:01.6218318Z       Start 88: host_adapter_golden_system_contract
2026-09-29T06:33:03.1502186Z 88/92 Test #88: host_adapter_golden_system_contract ......   Passed    1.53 sec
2026-09-29T06:33:03.1505647Z       Start 89: host_adapter_golden_system_native
2026-09-29T06:33:03.2457155Z 89/92 Test #89: host_adapter_golden_system_native ........   Passed    0.09 sec
2026-09-29T06:33:03.2459813Z       Start 90: host_adapter_golden_system_host
2026-09-29T06:33:03.3393300Z 90/92 Test #90: host_adapter_golden_system_host ..........   Passed    0.09 sec
2026-09-29T06:33:03.3396316Z       Start 91: host_adapter_golden_system_external
2026-09-29T06:33:03.6847935Z 91/92 Test #91: host_adapter_golden_system_external ......   Passed    0.34 sec
2026-09-29T06:33:03.6850693Z       Start 92: host_adapter_golden_system_process
2026-09-29T06:33:18.6395382Z 92/92 Test #92: host_adapter_golden_system_process .......   Passed   14.95 sec
2026-09-29T06:33:18.6402512Z 
2026-09-29T06:33:18.6402728Z 99% tests passed, 1 tests failed out of 92
2026-09-29T06:33:18.6402906Z 
2026-09-29T06:33:18.6403157Z Total Test time (real) = 284.10 sec
2026-09-29T06:33:18.6403516Z 
2026-09-29T06:33:18.6403675Z The following tests FAILED:
2026-09-29T06:33:18.6406585Z 	 45 - simcore_all (Failed)
2026-09-29T06:33:18.6409488Z Errors while running CTest
2026-09-29T06:33:18.7370462Z ##[error]Process completed with exit code 1.
2026-09-29T06:33:18.7584273Z Post job cleanup.
2026-09-29T06:33:18.9129612Z [command]"C:\Program Files\Git\bin\git.exe" version
2026-09-29T06:33:18.9302172Z git version 2.55.0.windows.5
2026-09-29T06:33:18.9346896Z Temporarily overriding HOME='D:\a\_temp\9d7da738-71d6-4eb3-9a17-68f6dcf88f23' before making global git config changes
2026-09-29T06:33:18.9347466Z Adding repository directory to the temporary git global config as a safe directory
2026-09-29T06:33:18.9355600Z [command]"C:\Program Files\Git\bin\git.exe" config --global --add safe.directory D:\a\cpp-rt-car\cpp-rt-car
2026-09-29T06:33:18.9540912Z [command]"C:\Program Files\Git\bin\git.exe" config --local --name-only --get-regexp core\.sshCommand
2026-09-29T06:33:18.9725938Z [command]"C:\Program Files\Git\bin\git.exe" submodule foreach --recursive "sh -c \"git config --local --name-only --get-regexp 'core\.sshCommand' && git config --local --unset-all 'core.sshCommand' || :\""
2026-09-29T06:33:19.3492055Z Entering 'external/googletest'
2026-09-29T06:33:19.4068554Z [command]"C:\Program Files\Git\bin\git.exe" config --local --name-only --get-regexp http\.https\:\/\/github\.com\/\.extraheader
2026-09-29T06:33:19.4222360Z http.https://github.com/.extraheader
2026-09-29T06:33:19.4252056Z [command]"C:\Program Files\Git\bin\git.exe" config --local --unset-all http.https://github.com/.extraheader
2026-09-29T06:33:19.4431038Z [command]"C:\Program Files\Git\bin\git.exe" submodule foreach --recursive "sh -c \"git config --local --name-only --get-regexp 'http\.https\:\/\/github\.com\/\.extraheader' && git config --local --unset-all 'http.https://github.com/.extraheader' || :\""
2026-09-29T06:33:19.8181110Z Entering 'external/googletest'
2026-09-29T06:33:19.8583944Z http.https://github.com/.extraheader
2026-09-29T06:33:19.8933322Z [command]"C:\Program Files\Git\bin\git.exe" config --local --name-only --get-regexp ^includeIf\.gitdir:
2026-09-29T06:33:19.9117565Z [command]"C:\Program Files\Git\bin\git.exe" submodule foreach --recursive "git config --local --show-origin --name-only --get-regexp remote.origin.url"
2026-09-29T06:33:20.5993875Z Entering 'external/googletest'
2026-09-29T06:33:20.6208030Z file:D:/a/cpp-rt-car/cpp-rt-car/.git/modules/external/googletest/config	remote.origin.url
2026-09-29T06:33:20.6376935Z [command]"C:\Program Files\Git\bin\git.exe" config --file D:/a/cpp-rt-car/cpp-rt-car/.git/modules/external/googletest/config --name-only --get-regexp ^includeIf\.gitdir:
2026-09-29T06:33:20.6722581Z Cleaning up orphan processes
2026-09-29T06:33:20.6953409Z Terminate orphan process: pid (4104) (vctip)
2026-09-29T06:33:20.7015361Z Terminate orphan process: pid (2408) (MSBuild)
2026-09-29T06:33:20.7066175Z Terminate orphan process: pid (2340) (MSBuild)
2026-09-29T06:33:20.7113051Z Terminate orphan process: pid (5200) (MSBuild)
2026-09-29T06:33:20.7200412Z Terminate orphan process: pid (5236) (conhost)
2026-09-29T06:33:20.7271515Z ##[warning]Node.js 20 is deprecated. The following actions target Node.js 20 but are being forced to run on Node.js 24: actions/checkout@11d5960a326750d5838078e36cf38b85af677262. For more information see: https://github.blog/changelog/2025-09-19-deprecation-of-node-20-on-github-actions-runners/
